51.311248113980305,9.473471136096267,207,262,3,47314,18242853,-93,LTE,LTE,300,412
51.311248113980305,9.473471136096267,207,262,3,47314,18242853,-93,LTE,LTE,300,412
51.31123955563153,9.473461090143246,211,262,3,47314,18242853,-93,LTE,LTE,300,412
51.31123955563153,9.473461090143246,212,262,3,47314,18242853,-92,LTE,LTE,300,412
51.31123955563153,9.473461090143246,212,262,3,47314,18242853,-89,LTE,LTE,300,412
51.31123955563153,9.473461090143246,211,262,3,47314,18233127,-90,LTE,LTE,300,434
51.31123955563153,9.473461090143246,212,262,3,47314,18242853,-88,LTE,LTE,300,412
51.31123955563153,9.473461090143246,209,262,3,47314,18233127,-92,LTE,LTE,300,434
51.31123955563153,9.473461090143246,208,262,3,47314,18233127,-91,LTE,LTE,300,434
51.31123955563153,9.473461090143246,208,262,3,47314,18242853,-88,LTE,LTE,300,412
51.31123955563153,9.473461090143246,208,262,3,47314,18233127,-92,LTE,LTE,300,434
51.31123955563153,9.473461090143246,208,262,3,47314,18242853,-88,LTE,LTE,300,412
51.31123955563153,9.473461090143246,208,262,3,47314,18233127,-90,LTE,LTE,300,434
51.31123955563153,9.473461090143246,208,262,3,47314,18242853,-89,LTE,LTE,300,412
51.31123955563153,9.473461090143246,208,262,3,47314,18242853,-89,LTE,LTE,300,412
51.31123738995331,9.473433031849156,206,262,3,47314,18242853,-90,LTE,LTE,300,412
51.31123738995331,9.473433031849156,205,262,3,47314,18242853,-89,LTE,LTE,300,412
51.31123738995331,9.473433031849156,205,262,3,47314,18242853,-90,LTE,LTE,300,412
51.31123738995331,9.473433031849156,205,262,3,47314,18233127,-92,LTE,LTE,300,434
51.31123738995331,9.473433031849156,204,262,3,47314,18242853,-93,LTE,LTE,300,412
51.31123738995331,9.473433031849156,204,262,3,47314,18233127,-94,LTE,LTE,300,434
51.31123738995331,9.473433031849156,204,262,3,47314,18233127,-90,LTE,LTE,300,434
51.31123738995331,9.473433031849156,204,262,3,47314,18242853,-87,LTE,LTE,300,412
51.31123738995331,9.473433031849156,204,262,3,47314,18242853,-88,LTE,LTE,300,412
51.31123738995331,9.473433031849156,206,262,3,47314,18242853,-89,LTE,LTE,300,412
51.31123738995331,9.473433031849156,207,262,3,47314,18242853,-90,LTE,LTE,300,412
51.31123738995331,9.473433031849156,207,262,3,47314,18242853,-89,LTE,LTE,300,412
51.31123738995331,9.473433031849156,207,262,3,47314,18242853,-93,LTE,LTE,300,412
51.31123738995331,9.473433031849156,207,262,3,47314,18242853,-89,LTE,LTE,300,412
51.31127502336711,9.473444352493665,208,262,3,47314,18242853,-87,LTE,LTE,300,412
51.31127502336711,9.473444352493665,208,262,3,47314,18242853,-90,LTE,LTE,300,412
51.31127502336711,9.473444352493665,207,262,3,47314,18242853,-90,LTE,LTE,300,412
51.31127502336711,9.473444352493665,207,262,3,47314,18242853,-94,LTE,LTE,300,412
51.31127502336711,9.473444352493665,207,262,3,47314,18242853,-93,LTE,LTE,300,412
51.31127502336711,9.473444352493665,207,262,3,47314,18242853,-91,LTE,LTE,300,412
51.3112786321069,9.473448209299036,207,262,3,47314,18242853,-91,LTE,LTE,300,412
51.31124506975694,9.473399914163428,206,262,3,47314,18242853,-91,LTE,LTE,300,412
51.311240997849126,9.473413876820564,208,262,3,47314,18242853,-91,LTE,LTE,300,412
51.31123611789277,9.473421069212442,208,262,3,47314,18242853,-89,LTE,LTE,300,412
51.31123828254823,9.473427263560115,208,262,3,47314,18242853,-89,LTE,LTE,300,412
51.311238278090464,9.473427342937336,208,262,3,47314,18242853,-90,LTE,LTE,300,412
51.31123830306469,9.473427315334028,208,262,3,47314,18242853,-91,LTE,LTE,300,412
51.31123826359227,9.473427246289278,208,262,3,47314,18242853,-90,LTE,LTE,300,412
51.3112382619168,9.473427253547277,208,262,3,47314,18242853,-90,LTE,LTE,300,412
51.31123845593999,9.473427129293503,208,262,3,47314,18242853,-92,LTE,LTE,300,412
51.31124401340929,9.473430181810514,208,262,3,47314,18242853,-90,LTE,LTE,300,412
51.31126733345963,9.473452265346825,208,262,3,47314,18242853,-91,LTE,LTE,300,412
51.31126735411899,9.473451687274991,207,262,3,47314,18242853,-90,LTE,LTE,300,412
51.311267497558504,9.473451729978182,207,262,3,47314,18242853,-91,LTE,LTE,300,412
51.311267501100005,9.473451779990606,207,262,3,47314,18242853,-90,LTE,LTE,300,412
51.31126746765843,9.473451828258339,207,262,3,47314,18242853,-91,LTE,LTE,300,412
51.31127647561752,9.473458210161777,207,262,3,47314,18242853,-92,LTE,LTE,300,412
51.31127907257966,9.473465302078969,207,262,3,47314,18233127,-92,LTE,LTE,300,434
51.31127907257966,9.473465302078969,207,262,3,47314,18242853,-96,LTE,LTE,300,412
51.31149410124075,9.47335360758885,208,262,3,47314,18233127,-91,LTE,LTE,300,434
51.31143075395418,9.473432523976049,271,262,3,47314,18242853,-94,LTE,LTE,300,412
51.31143075395418,9.473432523976049,271,262,3,47314,18242853,-94,LTE,LTE,300,412
51.31142183286259,9.473451697040025,264,262,3,47314,18233127,-90,LTE,LTE,300,434
51.311396588033055,9.473462981977733,262,262,3,47314,18242853,-92,LTE,LTE,300,412
51.31139390874166,9.473452312205039,255,262,3,47314,18242853,-94,LTE,LTE,300,412
51.31136524549837,9.473454464006302,235,262,3,47314,18242853,-94,LTE,LTE,300,412
51.31136524549837,9.473454464006302,235,262,3,47314,18242853,-94,LTE,LTE,300,412
51.311366047136374,9.473466198689877,229,262,3,47314,18242853,-90,LTE,LTE,300,412
51.311366047136374,9.473466198689877,229,262,3,47314,18242853,-90,LTE,LTE,300,412
51.31135457454601,9.473470503314605,227,262,3,47314,18242853,-90,LTE,LTE,300,412
51.31131039228748,9.47347311804606,226,262,3,47314,18242853,-90,LTE,LTE,300,412
51.311306990345344,9.473480749026033,225,262,3,47314,18242853,-89,LTE,LTE,300,412
51.31130682800214,9.47348058564067,225,262,3,47314,18242853,-92,LTE,LTE,300,412
51.31130143486651,9.473515261304403,224,262,3,47314,18242853,-91,LTE,LTE,300,412
51.3112904286654,9.473497024531579,220,262,3,47314,18242853,-91,LTE,LTE,300,412
51.311288653224075,9.47350806426812,216,262,3,47314,18233127,-91,LTE,LTE,300,434
51.31128883171524,9.473507661008043,218,262,3,47314,18242853,-93,LTE,LTE,300,412
51.311288653224075,9.47350806426812,216,262,3,47314,18233127,-91,LTE,LTE,300,434
51.311279658111744,9.473530618042465,215,262,3,47314,18242853,-90,LTE,LTE,300,412
51.311278734788814,9.473533929064134,215,262,3,47314,18242853,-93,LTE,LTE,300,412
51.31127857639884,9.473534195229332,215,262,3,47314,18233127,-92,LTE,LTE,300,434
51.311278734788814,9.473533929064134,215,262,3,47314,18242853,-93,LTE,LTE,300,412
51.311278286565745,9.473534586153331,215,262,3,47314,18233127,-99,LTE,LTE,300,434
51.311278286565745,9.473534586153331,215,262,3,47314,18242853,-90,LTE,LTE,300,412
51.31125735839536,9.473528553822328,214,262,3,47314,18242853,-93,LTE,LTE,300,412
51.31125735839536,9.473528553822328,214,262,3,47314,18242853,-93,LTE,LTE,300,412
51.31126310839905,9.473527472658482,213,262,3,47314,18242853,-89,LTE,LTE,300,412
51.31120171859641,9.47348991072292,211,262,3,47314,18242853,-88,LTE,LTE,300,412
51.311197560911445,9.473494325890197,211,262,3,47314,18242853,-103,LTE,LTE,300,412
51.31096875697309,9.47416452611049,215,262,3,47314,18242853,-95,LTE,LTE,300,412
51.31094408506857,9.47412359017497,218,262,3,47314,18233127,-97,LTE,LTE,300,434
51.31094408506857,9.47412359017497,218,262,3,47314,18233127,-97,LTE,LTE,300,434
51.31134239870196,9.474074576226437,228,262,3,47314,18233127,-86,LTE,LTE,300,434
51.311470940654274,9.474036010282568,227,262,3,47314,18233127,-91,LTE,LTE,300,434
51.311470940654274,9.474036010282568,227,262,3,47314,18233127,-91,LTE,LTE,300,434
51.31159634322448,9.473999128319276,224,262,3,47314,18233127,-94,LTE,LTE,300,434
51.31159634322448,9.473999128319276,224,262,3,47314,18233127,-94,LTE,LTE,300,434
51.311728602490426,9.473973994492438,218,262,3,47314,18233127,-89,LTE,LTE,300,434
51.311883117697676,9.473925882028128,215,262,3,47314,18233127,-89,LTE,LTE,300,434
51.311930653026906,9.473915410374824,215,262,3,47314,18233127,-89,LTE,LTE,300,434
51.312016929900615,9.473934046828274,214,262,3,47314,18233127,-90,LTE,LTE,300,434
51.312037208377525,9.473932649381583,214,262,3,47314,18233127,-93,LTE,LTE,300,434
51.31202820885544,9.473931641434309,214,262,3,47314,18233127,-89,LTE,LTE,300,434
51.3120303435052,9.473936949470982,214,262,3,47314,18233127,-93,LTE,LTE,300,434
51.31203156839484,9.473933830658314,214,262,3,47314,18233127,-89,LTE,LTE,300,434
51.31202678674808,9.473934838602899,214,262,3,47314,18233127,-89,LTE,LTE,300,434
51.31213385406436,9.47396205754153,214,262,3,47314,18233127,-92,LTE,LTE,300,434
51.31216671773815,9.473978350651056,214,262,3,47314,18233127,-95,LTE,LTE,300,434
51.31217064755576,9.473977259931695,214,262,3,47314,18233091,-85,LTE,LTE,6200,434
51.312175318696816,9.473978458033498,214,262,3,47314,18891546,-89,LTE,LTE,1600,421
51.31217064755576,9.473977259931695,214,262,3,47314,18233091,-85,LTE,LTE,6200,434
51.312176846823206,9.473969145657342,214,262,3,47314,18891546,-88,LTE,LTE,1600,421
51.31217713556643,9.473975919620054,214,262,3,47314,20038437,-91,LTE,LTE,300,243
51.31217612617432,9.473977421870206,214,262,3,47314,18891546,-88,LTE,LTE,1600,421
51.31222886877202,9.473987369645283,214,262,3,47314,18891558,-83,LTE,LTE,300,438
51.31217713556643,9.473975919620054,214,262,3,47314,20038437,-91,LTE,LTE,300,243
51.31217612617432,9.473977421870206,214,262,3,47314,18891546,-88,LTE,LTE,1600,421
51.31228307985265,9.47404114211811,214,262,3,47314,18891558,-87,LTE,LTE,300,438
51.312298139731595,9.47414402058613,214,262,3,47314,18891546,-85,LTE,LTE,1600,421
51.31229596710255,9.474186935293494,214,262,3,47314,18891558,-88,LTE,LTE,300,438
51.312287689845995,9.474327803056294,214,262,3,47314,20038437,-86,LTE,LTE,300,243
51.31229187817528,9.474232662645013,214,262,3,47314,18891546,-87,LTE,LTE,1600,421
51.31228577139734,9.474394663597469,214,262,3,47314,20038437,-84,LTE,LTE,300,243
51.31229187817528,9.474232662645013,214,262,3,47314,18891546,-87,LTE,LTE,1600,421
51.31228882949771,9.474506468001232,214,262,3,47314,20038437,-83,LTE,LTE,300,243
51.312263710238355,9.474756877882331,214,262,3,47314,20038437,-86,LTE,LTE,300,243
51.31226362861241,9.474916135153316,214,262,3,47314,20038437,-93,LTE,LTE,300,243
51.31225481700477,9.47499698226798,214,262,3,47314,20038437,-90,LTE,LTE,300,243
51.312236433683786,9.475206355104815,214,262,3,47314,20038437,-88,LTE,LTE,300,243
51.31222853517602,9.475369087014364,214,262,3,47314,20038437,-83,LTE,LTE,300,243
51.312216576595006,9.475520468628085,214,262,3,47314,20038437,-83,LTE,LTE,300,243
51.312216576595006,9.475520468628085,214,262,3,47314,20038437,-83,LTE,LTE,300,243
51.31220407879483,9.475845763030305,215,262,3,47314,20038437,-87,LTE,LTE,300,243
51.3122003376384,9.475914707319998,215,262,3,47314,20038437,-88,LTE,LTE,300,243
51.312190607559764,9.476131600750238,215,262,3,47314,18233126,-87,LTE,LTE,300,432
51.31219409229173,9.476058934411705,215,262,3,47314,20038437,-87,LTE,LTE,300,243
51.31220140373988,9.47622947275484,215,262,3,47314,18233126,-86,LTE,LTE,300,432
51.31220167264327,9.476328425513532,215,262,3,47314,18233126,-88,LTE,LTE,300,432
51.31225511517485,9.476510836953636,215,262,3,47314,18233126,-87,LTE,LTE,300,432
51.312284774778526,9.476616121846721,215,262,3,47314,18233126,-84,LTE,LTE,300,432
51.31231899933613,9.476774964636503,216,262,3,47314,18233126,-82,LTE,LTE,300,432
51.312347561213116,9.476882532394129,217,262,3,47314,18233126,-79,LTE,LTE,300,432
51.312420296332256,9.477080412939774,217,262,3,47314,18233126,-75,LTE,LTE,300,432
51.312428275669156,9.477157526253073,215,262,3,47314,18233126,-68,LTE,LTE,300,432
51.312473055494785,9.477314189306774,217,262,3,47314,18233126,-70,LTE,LTE,300,432
51.312505225993775,9.477464032061192,217,262,3,47314,18233126,-81,LTE,LTE,300,432
51.31252423015834,9.477576889399732,216,262,3,47314,18224445,-103,LTE,LTE,3350,226
51.31251353332121,9.47754043542724,217,262,3,47314,18233126,-76,LTE,LTE,300,432
51.31255245988896,9.477741619242275,216,262,3,47314,18224445,-105,LTE,LTE,3350,226
51.31257227434474,9.477836177316414,216,262,3,47314,18224445,-106,LTE,LTE,3350,226
51.31261182636445,9.47797029564711,216,262,3,47314,18224445,-106,LTE,LTE,3350,226
51.31264998109941,9.478042773530834,217,262,3,47314,18224445,-109,LTE,LTE,3350,226
51.31266940648823,9.478077527749782,217,262,3,47314,18224425,-100,LTE,LTE,1600,336
51.312711283276656,9.478245933636876,218,262,3,47314,18224425,-95,LTE,LTE,1600,336
51.312746760055305,9.478340712286847,216,262,3,47314,18224425,-97,LTE,LTE,1600,336
51.31279033231013,9.478460748871372,216,262,3,47314,18224425,-90,LTE,LTE,1600,336
51.31281788173566,9.478530114487436,217,262,3,47314,18233126,-79,LTE,LTE,300,432
51.31279033231013,9.478460748871372,216,262,3,47314,18224425,-90,LTE,LTE,1600,336
51.312901228572166,9.47862970595484,218,262,3,47314,18233126,-83,LTE,LTE,300,432
51.31301519840745,9.478771072928858,217,262,3,47314,18233126,-87,LTE,LTE,300,432
51.31304748739153,9.478899275467846,217,262,3,47314,18233126,-90,LTE,LTE,300,432
51.31305790993162,9.478956775301283,218,262,3,47314,20038437,-84,LTE,LTE,300,243
51.3130943712021,9.479114347798385,218,262,3,47314,20038437,-82,LTE,LTE,300,243
51.3131125524894,9.479237485545001,218,262,3,47314,18224445,-105,LTE,LTE,3350,226
51.3130943712021,9.479114347798385,218,262,3,47314,20038437,-82,LTE,LTE,300,243
51.313119998431326,9.47927155406108,218,262,3,47314,18224445,-104,LTE,LTE,3350,226
51.31312768151086,9.479470603500488,218,262,3,47314,18224445,-108,LTE,LTE,3350,226
51.31313196113386,9.479515267166692,219,262,3,47314,20038437,-82,LTE,LTE,300,243
51.313114930926254,9.479607127465815,219,262,3,47314,20038437,-80,LTE,LTE,300,243
51.31305971192623,9.479634801175417,218,262,3,47314,20038437,-79,LTE,LTE,300,243
51.31298496354329,9.479654923301913,220,262,3,47314,20038437,-83,LTE,LTE,300,243
51.31290303894131,9.479657988251345,220,262,3,47314,20038437,-81,LTE,LTE,300,243
51.312830847997,9.479648085965886,220,262,3,47314,20038437,-81,LTE,LTE,300,243
51.3127629586982,9.479687812484473,221,262,3,47314,20038437,-78,LTE,LTE,300,243
51.312641081837995,9.479721603796511,222,262,3,47314,20038437,-79,LTE,LTE,300,243
51.31255738973365,9.479751373227234,221,262,3,47314,20038437,-79,LTE,LTE,300,243
51.31248380900257,9.479763808688945,220,262,3,47314,20038437,-86,LTE,LTE,300,243
51.312411589595854,9.479775581520665,221,262,3,47314,20038437,-85,LTE,LTE,300,243
51.31230150644608,9.479810565295653,221,262,3,47314,20038437,-86,LTE,LTE,300,243
51.3122055774876,9.479840171312064,220,262,3,47314,20038437,-81,LTE,LTE,300,243
51.31215559636804,9.479849320764599,219,262,3,47314,20038437,-82,LTE,LTE,300,243
51.31209020953727,9.479856474506326,220,262,3,47314,20038437,-87,LTE,LTE,300,243
51.311983381255715,9.479930310356398,219,262,3,47314,20038437,-79,LTE,LTE,300,243
51.31195338357187,9.480071406791483,219,262,3,47314,20038437,-78,LTE,LTE,300,243
51.3118583838258,9.480084037489467,218,262,3,47314,20038437,-77,LTE,LTE,300,243
51.31177148571231,9.480066827455465,218,262,3,47314,20038437,-75,LTE,LTE,300,243
51.311704351134004,9.480057074781334,218,262,3,47314,20038437,-77,LTE,LTE,300,243
51.311662172982814,9.479924143008473,218,262,3,47314,20038437,-79,LTE,LTE,300,243
51.31160916917304,9.47980351166626,219,262,3,47314,20038437,-86,LTE,LTE,300,243
51.31155865323535,9.479797396453327,219,262,3,47314,20038437,-86,LTE,LTE,300,243
51.31146995460187,9.479808814266438,220,262,3,47314,20038437,-78,LTE,LTE,300,243
51.31137730462336,9.479794768095749,221,262,3,47314,20038437,-85,LTE,LTE,300,243
51.311277200806856,9.47979403760733,222,262,3,47314,20038437,-83,LTE,LTE,300,243
51.311214547678304,9.479782612347115,222,262,3,47314,20038437,-76,LTE,LTE,300,243
51.31112041670751,9.479765933574955,223,262,3,47314,20038437,-80,LTE,LTE,300,243
51.31103940171156,9.479762145267063,223,262,3,47314,20038437,-83,LTE,LTE,300,243
51.31103940171156,9.479762145267063,223,262,3,47314,20038437,-83,LTE,LTE,300,243
51.310886939214,9.479775479216443,224,262,3,47314,20038437,-81,LTE,LTE,300,243
51.310755841371055,9.479754419158938,225,262,3,47314,20038437,-77,LTE,LTE,300,243
51.31063263722079,9.479734040911929,226,262,3,47314,20038437,-80,LTE,LTE,300,243
51.310550121316716,9.479726499265915,227,262,3,47314,20038437,-86,LTE,LTE,300,243
51.31045243849687,9.479737364619517,227,262,3,47314,20038437,-81,LTE,LTE,300,243
51.31038350411128,9.479738398479212,227,262,3,47314,20038437,-85,LTE,LTE,300,243
51.31038350411128,9.479738398479212,227,262,3,47314,20038437,-85,LTE,LTE,300,243
51.310300920541486,9.479714939162827,228,262,3,47314,20038438,-82,LTE,LTE,300,263
51.31023337889954,9.479766103399138,228,262,3,47314,20038438,-84,LTE,LTE,300,263
51.3101969242155,9.479919199970134,228,262,3,47314,20038438,-83,LTE,LTE,300,263
51.310166258438244,9.48002205183421,229,262,3,47314,20038438,-85,LTE,LTE,300,263
51.31015780996043,9.480096898416068,229,262,3,47314,20038438,-87,LTE,LTE,300,263
51.31015393093421,9.48021480121328,229,262,3,47314,20038438,-86,LTE,LTE,300,263
51.31015393093421,9.48021480121328,229,262,3,47314,20038438,-86,LTE,LTE,300,263
51.31015657923019,9.480397660965561,229,262,3,47314,20038438,-85,LTE,LTE,300,263
51.31015693902418,9.480570636391636,229,262,3,47314,20038438,-85,LTE,LTE,300,263
51.31015391065408,9.48072263233379,229,262,3,47314,20038438,-82,LTE,LTE,300,263
51.31015725410461,9.480851100466083,229,262,3,47314,20038438,-82,LTE,LTE,300,263
51.31015946856666,9.481000102754317,229,262,3,47314,20038438,-82,LTE,LTE,300,263
51.31015825274224,9.48114205016985,229,262,3,47314,20038438,-81,LTE,LTE,300,263
51.3101598807209,9.48132780699264,229,262,3,47314,20038438,-79,LTE,LTE,300,263
51.31015429878203,9.48147085839166,229,262,3,47314,20038438,-80,LTE,LTE,300,263
51.310158911635554,9.481662128296854,230,262,3,47314,20038438,-77,LTE,LTE,300,263
51.310160777412456,9.481702725695728,230,262,3,47314,20038438,-76,LTE,LTE,300,263
51.31016620157628,9.481978367869408,231,262,3,47314,20038438,-77,LTE,LTE,300,263
51.31016434258401,9.482084556078176,231,262,3,47314,20038438,-77,LTE,LTE,300,263
51.31015372307011,9.482230243688212,231,262,3,47314,20038438,-78,LTE,LTE,300,263
51.31013280929819,9.482360650076851,232,262,3,47314,20038438,-76,LTE,LTE,300,263
51.31013839270027,9.482490975295622,232,262,3,47314,20038438,-76,LTE,LTE,300,263
51.31012540721779,9.482636938489073,232,262,3,47314,20038438,-79,LTE,LTE,300,263
51.31012540721779,9.482636938489073,232,262,3,47314,20038438,-79,LTE,LTE,300,263
51.310091547382896,9.482905242348572,232,262,3,47314,20038438,-79,LTE,LTE,300,263
51.3100635823294,9.483031228543648,233,262,3,47314,20038438,-78,LTE,LTE,300,263
51.31003882034999,9.483192307913917,233,262,3,47314,20038438,-73,LTE,LTE,300,263
51.310021410013626,9.483323095614246,232,262,3,47314,20038438,-79,LTE,LTE,300,263
51.309988122341714,9.483459323505913,232,262,3,47314,20038438,-82,LTE,LTE,300,263
51.30993185409742,9.48340815791387,232,262,3,47314,20038438,-77,LTE,LTE,300,263
51.30992579335266,9.483310909461986,231,262,3,47314,20038438,-77,LTE,LTE,300,263
51.30992579335266,9.483310909461986,231,262,3,47314,20038438,-77,LTE,LTE,300,263
51.30991123620881,9.483048536304178,231,262,3,47314,20038438,-82,LTE,LTE,300,263
51.30990615571502,9.482871141746331,229,262,3,47314,20038438,-91,LTE,LTE,300,263
51.30989770902715,9.482755305982987,228,262,3,47314,20038438,-87,LTE,LTE,300,263
51.30988376529965,9.482670615784723,227,262,3,47314,20038438,-86,LTE,LTE,300,263
51.30984591667133,9.482498191736518,226,262,3,47314,20038438,-87,LTE,LTE,300,263
51.30981037425292,9.48239697742827,225,262,3,47314,20038438,-85,LTE,LTE,300,263
51.309806676757255,9.482483527919461,224,262,3,47314,20038438,-83,LTE,LTE,300,263
51.30978686824117,9.482658353545455,223,262,3,47314,20038438,-83,LTE,LTE,300,263
51.3097802383605,9.482699077934727,223,262,3,47314,20038438,-84,LTE,LTE,300,263
51.30976128864353,9.48286585426161,223,262,3,47314,20038438,-83,LTE,LTE,300,263
51.30965465478671,9.482966107684984,221,262,3,47314,20038438,-80,LTE,LTE,300,263
51.309601062935286,9.482838793993308,219,262,3,47314,20038438,-96,LTE,LTE,300,263
51.30957430083125,9.482711468561163,219,262,3,47314,20038438,-91,LTE,LTE,300,263
51.309573766421956,9.482573833824638,217,262,3,47314,20038438,-85,LTE,LTE,300,263
51.30955725731275,9.482446228632913,216,262,3,47314,20038438,-89,LTE,LTE,300,263
51.3095472713814,9.482323904702163,215,262,3,47314,20038438,-91,LTE,LTE,300,263
51.30953962542432,9.482203010282026,214,262,3,47314,20038438,-78,LTE,LTE,300,263
51.3095447661116,9.482094437728845,214,262,3,47314,20038438,-87,LTE,LTE,300,263
51.309543877700676,9.481931447653736,213,262,3,47314,20038438,-87,LTE,LTE,300,263
51.30954982197308,9.481779786349765,212,262,3,47314,20038438,-87,LTE,LTE,300,263
51.30955580944592,9.481640389128813,212,262,3,47314,20038438,-81,LTE,LTE,300,263
51.30956275885194,9.481503138240493,211,262,3,47314,20038438,-77,LTE,LTE,300,263
51.30957222891948,9.481414056808418,210,262,3,47314,20038438,-81,LTE,LTE,300,263
51.309583154717295,9.481240957790861,209,262,3,47314,20038438,-92,LTE,LTE,300,263
51.309584834327296,9.481057163773661,208,262,3,47314,20038438,-91,LTE,LTE,300,263
51.30959016095695,9.480917721253775,206,262,3,47314,20038438,-94,LTE,LTE,300,263
51.3095910698928,9.480782161286722,207,262,3,47314,20038438,-94,LTE,LTE,300,263
51.3095910698928,9.480782161286722,207,262,3,47314,20038438,-94,LTE,LTE,300,263
51.30960156229888,9.480591327645989,206,262,3,47314,20038438,-92,LTE,LTE,300,263
51.309591662222225,9.480365818776027,205,262,3,47314,20038438,-92,LTE,LTE,300,263
51.30958553439304,9.48020029785908,204,262,3,47314,20038438,-98,LTE,LTE,300,263
51.3095904775607,9.480078639618903,204,262,3,47314,20038438,-98,LTE,LTE,300,263
51.30959884011961,9.47984830090147,204,262,3,47314,20038438,-101,LTE,LTE,300,263
51.30959884011961,9.47984830090147,204,262,3,47314,20038438,-101,LTE,LTE,300,263
51.30961393978554,9.479681811392897,203,262,3,47314,20038438,-98,LTE,LTE,300,263
51.3095915745325,9.479501011883977,203,262,3,47314,20038438,-100,LTE,LTE,300,263
51.30954011924328,9.479330748136906,203,262,3,47314,20038439,-98,LTE,LTE,300,187
51.309534839398104,9.479309122331454,202,262,3,47314,20038438,-89,LTE,LTE,300,263
51.30951558437384,9.479195751101008,202,262,3,47314,20038439,-101,LTE,LTE,300,187
51.30951558437384,9.479195751101008,202,262,3,47314,20038438,-105,LTE,LTE,300,263
51.309480771485724,9.479031553678967,201,262,3,47314,20038439,-98,LTE,LTE,300,187
51.30951558437384,9.479195751101008,202,262,3,47314,20038438,-105,LTE,LTE,300,263
51.30946364397458,9.478925440792967,201,262,3,47314,20038439,-95,LTE,LTE,300,187
51.30946364400639,9.478753271867193,200,262,3,47314,20038439,-92,LTE,LTE,300,187
51.30949221506838,9.478632570529006,199,262,3,47314,20038439,-90,LTE,LTE,300,187
51.309580112540694,9.478592788133195,198,262,3,47314,20038439,-98,LTE,LTE,300,187
51.30960032738912,9.478577792329892,199,262,3,47314,20038439,-97,LTE,LTE,300,187
51.309724734628226,9.478503827104833,198,262,3,47314,20038439,-99,LTE,LTE,300,187
51.309831765048095,9.478455956643286,199,262,3,47314,20038439,-96,LTE,LTE,300,187
51.309874827151376,9.478426416329363,199,262,3,47314,20038439,-103,LTE,LTE,300,187
51.30990823804838,9.478400785180582,199,262,3,47314,20038439,-100,LTE,LTE,300,187
51.310045097345515,9.478260752834808,200,262,3,47314,20038439,-93,LTE,LTE,300,187
51.31007225602979,9.47814685039871,202,262,3,47314,20038439,-93,LTE,LTE,300,187
51.310083690414494,9.47808202616336,201,262,3,47314,20038439,-97,LTE,LTE,300,187
51.31008922965768,9.477989921776482,202,262,3,47314,20038439,-98,LTE,LTE,300,187
51.310099008218735,9.477900506400738,203,262,3,47314,20038439,-96,LTE,LTE,300,187
51.310108215563965,9.477712750106596,204,262,3,47314,20038439,-91,LTE,LTE,300,187
51.31010891546271,9.47752692481667,206,262,3,47314,20038439,-93,LTE,LTE,300,187
51.31010891546271,9.47752692481667,206,262,3,47314,20038439,-93,LTE,LTE,300,187
51.31010865903606,9.477337037864585,206,262,3,47314,20038439,-90,LTE,LTE,300,187
51.31013069943804,9.477102377817362,207,262,3,47314,20038439,-91,LTE,LTE,300,187
51.31013069943804,9.477102377817362,207,262,3,47314,20038439,-91,LTE,LTE,300,187
51.310159905026275,9.47682719352928,209,262,3,47314,18234406,-86,LTE,LTE,300,366
51.310160635064186,9.476864816180417,209,262,3,47314,20038439,-89,LTE,LTE,300,187
51.31016156953817,9.476771131512718,209,262,3,47314,18234406,-87,LTE,LTE,300,366
51.310160635064186,9.476864816180417,209,262,3,47314,20038439,-89,LTE,LTE,300,187
51.310174750690926,9.476527136953917,210,262,3,47314,20038439,-85,LTE,LTE,300,187
51.31017523262667,9.47645025931869,210,262,3,47314,20038439,-86,LTE,LTE,300,187
51.31017523262667,9.47645025931869,210,262,3,47314,20038439,-86,LTE,LTE,300,187
51.3101816210326,9.476211026432118,210,262,3,47314,20038439,-85,LTE,LTE,300,187
51.310185171695565,9.476073977101706,209,262,3,47314,20038439,-86,LTE,LTE,300,187
51.31018927156037,9.475971932873893,209,262,3,47314,20038439,-83,LTE,LTE,300,187
51.31019096394965,9.475866846734608,209,262,3,47314,20038439,-82,LTE,LTE,300,187
51.310194151675326,9.475730535793849,209,262,3,47314,20038439,-82,LTE,LTE,300,187
51.310209276268566,9.475565882563574,208,262,3,47314,20038439,-84,LTE,LTE,300,187
51.310221951327044,9.475448741281573,208,262,3,47314,20038439,-84,LTE,LTE,300,187
51.310238053000916,9.475227683944405,209,262,3,47314,20038439,-83,LTE,LTE,300,187
51.31025504235794,9.475124740619872,208,262,3,47314,20038439,-84,LTE,LTE,300,187
51.31027435270486,9.475032255694723,208,262,3,47314,20038439,-86,LTE,LTE,300,187
51.31033391173257,9.474832038828835,208,262,3,47314,20038439,-85,LTE,LTE,300,187
51.31036222838069,9.474740220496884,207,262,3,47314,20038439,-88,LTE,LTE,300,187
51.31039420238123,9.474646617035766,207,262,3,47314,20038439,-89,LTE,LTE,300,187
51.3104600732027,9.474457661472247,206,262,3,47314,20038439,-89,LTE,LTE,300,187
51.31049135583918,9.474396549923986,205,262,3,47314,20038439,-93,LTE,LTE,300,187
51.31051745623722,9.474353229849173,206,262,3,47314,20038439,-90,LTE,LTE,300,187
51.31058434559604,9.474176523131497,206,262,3,47314,20038439,-85,LTE,LTE,300,187
51.31058434559604,9.474176523131497,206,262,3,47314,20038439,-85,LTE,LTE,300,187
51.31063305629044,9.473968070674468,206,262,3,47314,20038439,-84,LTE,LTE,300,187
51.3106993009252,9.473777018686294,207,262,3,47314,20038439,-87,LTE,LTE,300,187
51.31078709480168,9.473565347811668,207,262,3,47314,20038439,-87,LTE,LTE,300,187
51.310807521039,9.47343206744375,206,262,3,47314,20038439,-83,LTE,LTE,300,187
51.310807521039,9.47343206744375,206,262,3,47314,20038439,-83,LTE,LTE,300,187
51.31079133772764,9.473311859928353,207,262,3,47314,20038439,-88,LTE,LTE,300,187
51.31086188040621,9.473372857092501,211,262,3,47314,18891546,-106,LTE,LTE,1600,421
51.310921800607446,9.47337088421378,212,262,3,47314,18891546,-109,LTE,LTE,1600,421
51.31095411574928,9.473368062214503,212,262,3,47314,18891546,-104,LTE,LTE,1600,421
51.31139802590932,9.473814154919895,219,262,3,47314,18891546,-94,LTE,LTE,1600,421
51.31137342780266,9.473799076054181,219,262,3,47314,18891546,-95,LTE,LTE,1600,421
51.31136523117479,9.47378990242823,219,262,3,47314,18891546,-103,LTE,LTE,1600,421
51.31132235744176,9.473489172378983,219,262,3,47314,18891546,-93,LTE,LTE,1600,421
51.31132235744176,9.473489172378983,219,262,3,47314,18891546,-93,LTE,LTE,1600,421
51.31127346582338,9.473415790159764,220,262,3,47314,18891546,-92,LTE,LTE,1600,421
51.31126413205019,9.473405081091904,220,262,3,47314,18242853,-92,LTE,LTE,300,412
51.31127346582338,9.473415790159764,220,262,3,47314,18891546,-92,LTE,LTE,1600,421
51.31127014065736,9.473404495254096,220,262,3,47314,18242853,-95,LTE,LTE,300,412
51.31126944823613,9.473405171980914,220,262,3,47314,18242853,-94,LTE,LTE,300,412
51.31126944823613,9.473405171980914,220,262,3,47314,18242853,-94,LTE,LTE,300,412
51.311269717392484,9.47340474368853,220,262,3,47314,18242853,-95,LTE,LTE,300,412
51.311269936190016,9.473404710951893,220,262,3,47314,18242853,-90,LTE,LTE,300,412
51.311269936190016,9.473404710951893,220,262,3,47314,18242853,-90,LTE,LTE,300,412
51.311266753724624,9.473408289928324,220,262,3,47314,18242853,-91,LTE,LTE,300,412
51.31126239838334,9.473408720101837,220,262,3,47314,18242853,-89,LTE,LTE,300,412
51.3112613005493,9.473408345243724,220,262,3,47314,18242853,-93,LTE,LTE,300,412
51.31126136244788,9.47340830319164,220,262,3,47314,18242853,-90,LTE,LTE,300,412
51.31126134986038,9.473408079759512,220,262,3,47314,18242853,-85,LTE,LTE,300,412
51.31126133099761,9.473408057520734,220,262,3,47314,18242853,-83,LTE,LTE,300,412
51.31126132862376,9.473408082477786,220,262,3,47314,18242853,-84,LTE,LTE,300,412
51.31126130303912,9.473408192805936,220,262,3,47314,18242853,-84,LTE,LTE,300,412
51.31126130303912,9.473408192805936,220,262,3,47314,18242853,-84,LTE,LTE,300,412
51.311261250651384,9.473408275357526,220,262,3,47314,18242853,-85,LTE,LTE,300,412
51.311261250651384,9.473408275357526,220,262,3,47314,18242853,-85,LTE,LTE,300,412
51.31126135728948,9.473408407865332,220,262,3,47314,18242853,-84,LTE,LTE,300,412
51.31126135728948,9.473408407865332,220,262,3,47314,18242853,-84,LTE,LTE,300,412
51.3112612111486,9.47340831657348,219,262,3,47314,18242853,-84,LTE,LTE,300,412
51.31126109378845,9.473408143398357,219,262,3,47314,18242853,-85,LTE,LTE,300,412
51.311261086413566,9.473408063053872,219,262,3,47314,18242853,-85,LTE,LTE,300,412
51.311261086413566,9.473408063053872,219,262,3,47314,18242853,-85,LTE,LTE,300,412
51.311260978212374,9.473408113662964,219,262,3,47314,18242853,-85,LTE,LTE,300,412
51.311260978212374,9.473408113662964,219,262,3,47314,18242853,-85,LTE,LTE,300,412
51.31126108604551,9.473408177155793,219,262,3,47314,18242853,-85,LTE,LTE,300,412
51.31126105253697,9.47340838237768,219,262,3,47314,18242853,-85,LTE,LTE,300,412
51.31126105253697,9.47340838237768,219,262,3,47314,18242853,-85,LTE,LTE,300,412
51.31126149671882,9.473409040297025,219,262,3,47314,18242853,-86,LTE,LTE,300,412
51.311261718756434,9.473409056852045,219,262,3,47314,18242853,-86,LTE,LTE,300,412
51.311261718756434,9.473409056852045,219,262,3,47314,18242853,-86,LTE,LTE,300,412
51.31126180375879,9.473409103950326,219,262,3,47314,18242853,-86,LTE,LTE,300,412
51.31126180375879,9.473409103950326,219,262,3,47314,18242853,-86,LTE,LTE,300,412
51.311362693754,9.473620447174804,154,262,3,47314,18242853,-85,LTE,LTE,300,412
51.311362693754,9.473620447174804,154,262,3,47314,18242853,-85,LTE,LTE,300,412
51.31135777409761,9.473537346934881,179,262,3,47314,18242853,-85,LTE,LTE,300,412
51.3112982688122,9.473552308768316,197,262,3,47314,18242853,-85,LTE,LTE,300,412
51.311287238887445,9.473515488838997,201,262,3,47314,18233127,-92,LTE,LTE,300,434
51.3112982688122,9.473552308768316,197,262,3,47314,18242853,-85,LTE,LTE,300,412
51.311279577805905,9.47350216213299,206,262,3,47314,18233127,-93,LTE,LTE,300,434
51.311279577805905,9.47350216213299,206,262,3,47314,18233127,-93,LTE,LTE,300,434
51.31128392462065,9.473514689434886,203,262,3,47314,18233127,-92,LTE,LTE,300,434
51.31128392462065,9.473514689434886,204,262,3,47314,18233127,-93,LTE,LTE,300,434
51.31128392462065,9.473514689434886,206,262,3,47314,18233127,-96,LTE,LTE,300,434
51.31128392462065,9.473514689434886,206,262,3,47314,18233127,-96,LTE,LTE,300,434
51.31128392462065,9.473514689434886,205,262,3,47314,18233127,-98,LTE,LTE,300,434
51.311285713434366,9.473495712520243,205,262,3,47314,18242853,-94,LTE,LTE,300,412
51.311286064914626,9.473491790592378,205,262,3,47314,18242853,-94,LTE,LTE,300,412
51.31128269870105,9.473489494744156,205,262,3,47314,18233127,-92,LTE,LTE,300,434
51.311286064914626,9.473491790592378,205,262,3,47314,18242853,-94,LTE,LTE,300,412
51.31128269870105,9.473489494744156,205,262,3,47314,18233127,-92,LTE,LTE,300,434
51.31125560397317,9.473466621780911,204,262,3,47314,18233127,-93,LTE,LTE,300,434
51.31125510902814,9.47346616870575,205,262,3,47314,18242853,-89,LTE,LTE,300,412
51.31126191983883,9.4734696616863,205,262,3,47314,18242853,-88,LTE,LTE,300,412
51.31126288985407,9.473470271437664,205,262,3,47314,18242853,-91,LTE,LTE,300,412
51.31126375778998,9.473470893009228,205,262,3,47314,18242853,-90,LTE,LTE,300,412
51.31126906318459,9.473474753834596,205,262,3,47314,18242853,-92,LTE,LTE,300,412
51.311264205952824,9.473498112819108,205,262,3,47314,18242853,-87,LTE,LTE,300,412
51.3112647075183,9.473499172160412,205,262,3,47314,18233127,-88,LTE,LTE,300,434
51.311264883375635,9.473509238262874,205,262,3,47314,18242853,-96,LTE,LTE,300,412
51.31127470824371,9.473550270769882,205,262,3,47314,18242853,-86,LTE,LTE,300,412
51.311264019051926,9.473557891221878,205,262,3,47314,18242853,-87,LTE,LTE,300,412
51.311259949779775,9.473546060382793,205,262,3,47314,18242853,-87,LTE,LTE,300,412
51.311259949779775,9.473546060382793,205,262,3,47314,18242853,-87,LTE,LTE,300,412
51.3112561402755,9.473566960714328,205,262,3,47314,18242853,-83,LTE,LTE,300,412
51.31125504439077,9.473564268968412,205,262,3,47314,18242853,-86,LTE,LTE,300,412
51.31125504439077,9.473564268968412,205,262,3,47314,18242853,-86,LTE,LTE,300,412
51.31125173963671,9.473574074346057,205,262,3,47314,18242853,-92,LTE,LTE,300,412
51.311232541960464,9.473623088670992,205,262,3,47314,18242853,-91,LTE,LTE,300,412
51.311232541960464,9.473623088670992,205,262,3,47314,18242853,-91,LTE,LTE,300,412
51.31120680081643,9.473624452963813,204,262,3,47314,18242853,-76,LTE,LTE,300,412
51.311155551275604,9.47359486714319,203,262,3,47314,18242853,-89,LTE,LTE,300,412
51.311155551275604,9.47359486714319,203,262,3,47314,18242853,-89,LTE,LTE,300,412
51.31140921244403,9.474062922750804,247,262,3,47314,18891546,-90,LTE,LTE,1600,421
51.31156368151065,9.474001392223226,244,262,3,47314,18891546,-92,LTE,LTE,1600,421
51.31156368151065,9.474001392223226,244,262,3,47314,18891546,-92,LTE,LTE,1600,421
51.311685820206144,9.474018197763359,231,262,3,47314,18891546,-93,LTE,LTE,1600,421
51.311685820206144,9.474018197763359,231,262,3,47314,18891546,-93,LTE,LTE,1600,421
51.31180647526461,9.473999478262872,218,262,3,47314,18891546,-91,LTE,LTE,1600,421
51.311948146051755,9.473951272060322,214,262,3,47314,18891546,-86,LTE,LTE,1600,421
51.311948146051755,9.473951272060322,214,262,3,47314,18891546,-86,LTE,LTE,1600,421
51.312018722870604,9.47399349687244,213,262,3,47314,18891546,-90,LTE,LTE,1600,421
51.312018722870604,9.47399349687244,213,262,3,47314,18891546,-90,LTE,LTE,1600,421
51.31203926035995,9.47395666159258,212,262,3,47314,18891546,-86,LTE,LTE,1600,421
51.31204457717214,9.473958321868539,211,262,3,47314,18891546,-85,LTE,LTE,1600,421
51.31204457717214,9.473958321868539,211,262,3,47314,18891546,-85,LTE,LTE,1600,421
51.3120372511481,9.473956525206253,211,262,3,47314,18891546,-87,LTE,LTE,1600,421
51.31213400813569,9.473990118638397,211,262,3,47314,18891546,-86,LTE,LTE,1600,421
51.312203510875314,9.47399796783745,211,262,3,47314,18891546,-80,LTE,LTE,1600,421
51.312203510875314,9.47399796783745,211,262,3,47314,18891546,-80,LTE,LTE,1600,421
51.312293806303686,9.474088664877216,211,262,3,47314,18891546,-85,LTE,LTE,1600,421
51.31229101268341,9.47433212938496,212,262,3,47314,18891546,-86,LTE,LTE,1600,421
51.312269652595724,9.474543030133983,212,262,3,47314,18891546,-89,LTE,LTE,1600,421
51.312269652595724,9.474543030133983,212,262,3,47314,18891546,-89,LTE,LTE,1600,421
51.31224580045073,9.47476173118197,212,262,3,47314,18891546,-89,LTE,LTE,1600,421
51.31224580045073,9.47476173118197,212,262,3,47314,18891546,-89,LTE,LTE,1600,421
51.31222945475302,9.474981595587662,212,262,3,47314,18891546,-90,LTE,LTE,1600,421
51.31222416202674,9.475209666522563,212,262,3,47314,18891546,-89,LTE,LTE,1600,421
51.31222416202674,9.475209666522563,212,262,3,47314,18891546,-89,LTE,LTE,1600,421
51.31220030056583,9.475508466854885,211,262,3,47314,18891546,-89,LTE,LTE,1600,421
51.31219990435555,9.475699896826608,211,262,3,47314,18891546,-93,LTE,LTE,1600,421
51.31219990435555,9.475699896826608,211,262,3,47314,18891546,-93,LTE,LTE,1600,421
51.31217869418245,9.475960474892915,212,262,3,47314,18891546,-92,LTE,LTE,1600,421
51.312168061704895,9.476196459061903,212,262,3,47314,18891546,-91,LTE,LTE,1600,421
51.312168061704895,9.476196459061903,212,262,3,47314,18891546,-91,LTE,LTE,1600,421
51.312175199276155,9.476417932316803,212,262,3,47314,18891546,-93,LTE,LTE,1600,421
51.31224971300869,9.476574583284378,212,262,3,47314,18891546,-84,LTE,LTE,1600,421
51.31224971300869,9.476574583284378,212,262,3,47314,18891546,-84,LTE,LTE,1600,421
51.31228633628975,9.476762503786064,211,262,3,47314,18891546,-91,LTE,LTE,1600,421
51.31238618655779,9.47696361566821,212,262,3,47314,18891546,-96,LTE,LTE,1600,421
51.31238618655779,9.47696361566821,212,262,3,47314,18891546,-96,LTE,LTE,1600,421
51.31244024149452,9.477211415092317,213,262,3,47314,18891546,-95,LTE,LTE,1600,421
51.31244024149452,9.477211415092317,213,262,3,47314,18891546,-95,LTE,LTE,1600,421
51.31249067621278,9.477445655268168,213,262,3,47314,18891546,-97,LTE,LTE,1600,421
51.31252106866533,9.477559080778915,213,262,3,47314,18224425,-94,LTE,LTE,1600,336
51.31251998511284,9.477642088593019,213,262,3,47314,18224425,-93,LTE,LTE,1600,336
51.312570754813905,9.477807101320774,213,262,3,47314,18224425,-100,LTE,LTE,1600,336
51.312570754813905,9.477807101320774,213,262,3,47314,18224425,-100,LTE,LTE,1600,336
51.31256617482507,9.47797093300473,213,262,3,47314,18224425,-95,LTE,LTE,1600,336
51.31263098489836,9.478228278311212,214,262,3,47314,18224425,-97,LTE,LTE,1600,336
51.31263098489836,9.478228278311212,214,262,3,47314,18224425,-97,LTE,LTE,1600,336
51.31273727390024,9.478424190838899,215,262,3,47314,18224425,-94,LTE,LTE,1600,336
51.312770186221826,9.478486183287004,214,262,3,47314,18224425,-100,LTE,LTE,1600,336
51.312770186221826,9.478486183287004,214,262,3,47314,18224425,-100,LTE,LTE,1600,336
51.31279420010168,9.478668202292402,214,262,3,47314,18224425,-101,LTE,LTE,1600,336
51.31279420010168,9.478668202292402,214,262,3,47314,18224425,-101,LTE,LTE,1600,336
51.3129016243733,9.478958603184882,215,262,3,47314,18224425,-98,LTE,LTE,1600,336
51.31303592091342,9.47921205951872,215,262,3,47314,18224425,-94,LTE,LTE,1600,336
51.31303592091342,9.47921205951872,215,262,3,47314,18224425,-94,LTE,LTE,1600,336
51.31312534797863,9.47944099857446,216,262,3,47314,18224425,-97,LTE,LTE,1600,336
51.313086943533435,9.47963548040867,216,262,3,47314,18224425,-103,LTE,LTE,1600,336
51.31292109893148,9.479663957242785,215,262,3,47314,18224425,-102,LTE,LTE,1600,336
51.31292109893148,9.479663957242785,215,262,3,47314,18224425,-102,LTE,LTE,1600,336
51.312768866619805,9.479722561952615,216,262,3,47314,18224425,-105,LTE,LTE,1600,336
51.31263353156109,9.479742927563514,216,262,3,47314,18224425,-103,LTE,LTE,1600,336
51.31263353156109,9.479742927563514,216,262,3,47314,18224425,-103,LTE,LTE,1600,336
51.312498475431426,9.479773340346528,216,262,3,47314,18224425,-106,LTE,LTE,1600,336
51.31236634967167,9.479792436391493,216,262,3,47314,18224425,-107,LTE,LTE,1600,336
51.31220598429936,9.479821487495839,217,262,3,47314,18224425,-103,LTE,LTE,1600,336
51.31212700814899,9.479831899523521,217,262,3,47314,18891546,-97,LTE,LTE,1600,421
51.31220598429936,9.479821487495839,217,262,3,47314,18224425,-103,LTE,LTE,1600,336
51.31207292274446,9.479831664601937,217,262,3,47314,18891546,-102,LTE,LTE,1600,421
51.31195436390099,9.479948311426147,217,262,3,47314,18891546,-94,LTE,LTE,1600,421
51.311905480888775,9.480085798559015,217,262,3,47314,18891546,-88,LTE,LTE,1600,421
51.311905480888775,9.480085798559015,217,262,3,47314,18891546,-88,LTE,LTE,1600,421
51.31178842270947,9.480048014095459,217,262,3,47314,18891546,-92,LTE,LTE,1600,421
51.31168586255781,9.479999344036386,217,262,3,47314,18891546,-98,LTE,LTE,1600,421
51.31168586255781,9.479999344036386,217,262,3,47314,18891546,-98,LTE,LTE,1600,421
51.31156985018515,9.479924310514141,216,262,3,47314,18891546,-98,LTE,LTE,1600,421
51.311451839204324,9.479914918682363,217,262,3,47314,18891546,-97,LTE,LTE,1600,421
51.311451839204324,9.479914918682363,217,262,3,47314,18891546,-97,LTE,LTE,1600,421
51.311314648445396,9.4798885603748,218,262,3,47314,18891546,-97,LTE,LTE,1600,421
51.31120620707064,9.479903442952951,219,262,3,47314,18891546,-101,LTE,LTE,1600,421
51.311067735708924,9.479873466391895,220,262,3,47314,18891546,-96,LTE,LTE,1600,421
51.311067735708924,9.479873466391895,220,262,3,47314,18891546,-96,LTE,LTE,1600,421
51.310937756054,9.47986942023698,220,262,3,47314,18891546,-94,LTE,LTE,1600,421
51.31079956277727,9.479864266283332,220,262,3,47314,18891546,-98,LTE,LTE,1600,421
51.31071869599519,9.479853511421469,221,262,3,47314,18916121,-96,LTE,LTE,1600,65
51.31079956277727,9.479864266283332,220,262,3,47314,18891546,-98,LTE,LTE,1600,421
51.31071869599519,9.479853511421469,221,262,3,47314,18916121,-96,LTE,LTE,1600,65
51.31069175406322,9.479849290205685,221,262,3,47314,18891546,-90,LTE,LTE,1600,421
51.310549513062405,9.479858222239624,220,262,3,47314,18916121,-88,LTE,LTE,1600,65
51.31040523771908,9.479836366584706,221,262,3,47314,18916121,-84,LTE,LTE,1600,65
51.31040523771908,9.479836366584706,221,262,3,47314,18916121,-84,LTE,LTE,1600,65
51.31027216896655,9.479890321004282,223,262,3,47314,18916121,-97,LTE,LTE,1600,65
51.3102276213736,9.479953119511665,223,262,3,47314,18891546,-94,LTE,LTE,1600,421
51.31016416535165,9.480029806499957,224,262,3,47314,18891546,-99,LTE,LTE,1600,421
51.3101239013206,9.480110684716282,224,262,3,47314,18916121,-89,LTE,LTE,1600,65
51.310114771721594,9.480171105468388,224,262,3,47314,18224425,-90,LTE,LTE,1600,336
51.31012015999878,9.48033767454833,225,262,3,47314,18916121,-96,LTE,LTE,1600,65
51.31012764378956,9.480442575326432,225,262,3,47314,18916121,-87,LTE,LTE,1600,65
51.310135423803,9.480676231928037,226,262,3,47314,18916121,-94,LTE,LTE,1600,65
51.310141186016935,9.480881935717886,226,262,3,47314,18916121,-94,LTE,LTE,1600,65
51.310141186016935,9.480881935717886,226,262,3,47314,18916121,-94,LTE,LTE,1600,65
51.31014358952066,9.481132059567756,226,262,3,47314,18916121,-94,LTE,LTE,1600,65
51.31014770839639,9.48132429606317,227,262,3,47314,18916121,-96,LTE,LTE,1600,65
51.310140836320514,9.481547387000486,228,262,3,47314,18916121,-94,LTE,LTE,1600,65
51.31013928505814,9.481689568768576,229,262,3,47314,18916121,-89,LTE,LTE,1600,65
51.31014167817334,9.481646758554072,229,262,3,47314,18896665,-90,LTE,LTE,1600,254
51.31014123717485,9.481751113641149,229,262,3,47314,18916121,-93,LTE,LTE,1600,65
51.31014167817334,9.481646758554072,229,262,3,47314,18896665,-90,LTE,LTE,1600,254
51.310136562775234,9.481964708584156,229,262,3,47314,18916121,-96,LTE,LTE,1600,65
51.310136562775234,9.481964708584156,229,262,3,47314,18916121,-96,LTE,LTE,1600,65
51.3101362416511,9.482180613589437,229,262,3,47314,18916121,-102,LTE,LTE,1600,65
51.3101316630988,9.482394599227717,230,262,3,47314,18916121,-96,LTE,LTE,1600,65
51.3101316630988,9.482394599227717,230,262,3,47314,18916121,-96,LTE,LTE,1600,65
51.31011335476145,9.482693107983849,230,262,3,47314,18916121,-85,LTE,LTE,1600,65
51.31011869266739,9.482655415464045,230,262,3,47314,18896665,-89,LTE,LTE,1600,254
51.31008883180423,9.482821269751138,231,262,3,47314,18916121,-81,LTE,LTE,1600,65
51.31005013297704,9.483031195567015,231,262,3,47314,18916121,-93,LTE,LTE,1600,65
51.31005013297704,9.483031195567015,231,262,3,47314,18916121,-93,LTE,LTE,1600,65
51.31002696550807,9.4832453988405,231,262,3,47314,18916121,-99,LTE,LTE,1600,65
51.31000488121558,9.483389306370098,227,262,3,47314,18916121,-97,LTE,LTE,1600,65
51.31000488121558,9.483389306370098,227,262,3,47314,18916121,-97,LTE,LTE,1600,65
51.309973017064934,9.48343411167267,228,262,3,47314,18892825,-85,LTE,LTE,1600,475
51.309939736065346,9.483354951176622,229,262,3,47314,18892825,-94,LTE,LTE,1600,475
51.309939736065346,9.483354951176622,229,262,3,47314,18916121,-91,LTE,LTE,1600,65
51.309939736065346,9.483354951176622,229,262,3,47314,18916121,-91,LTE,LTE,1600,65
51.30993534367552,9.48316216087203,228,262,3,47314,18916121,-93,LTE,LTE,1600,65
51.30993534367552,9.48316216087203,228,262,3,47314,18892825,-89,LTE,LTE,1600,475
51.309923533569666,9.482947668738593,227,262,3,47314,18892825,-86,LTE,LTE,1600,475
51.30991025766246,9.482748784200824,225,262,3,47314,18892825,-93,LTE,LTE,1600,475
51.30991025766246,9.482748784200824,225,262,3,47314,18892825,-93,LTE,LTE,1600,475
51.30990468207374,9.482653564415227,224,262,3,47314,18916121,-98,LTE,LTE,1600,65
51.30988732047728,9.482543950825061,224,262,3,47314,18916121,-90,LTE,LTE,1600,65
51.309803014137,9.482378858191904,222,262,3,47314,18916121,-101,LTE,LTE,1600,65
51.3097850819077,9.482604755184902,220,262,3,47314,18916121,-101,LTE,LTE,1600,65
51.3097850819077,9.482604755184902,220,262,3,47314,18916121,-101,LTE,LTE,1600,65
51.309750496862115,9.482815046225685,220,262,3,47314,18916121,-87,LTE,LTE,1600,65
51.309665131931396,9.482928292839704,217,262,3,47314,18916121,-92,LTE,LTE,1600,65
51.309665131931396,9.482928292839704,217,262,3,47314,18916121,-92,LTE,LTE,1600,65
51.30959992574255,9.48273394669561,217,262,3,47314,18916121,-94,LTE,LTE,1600,65
51.30958322244823,9.48265196222078,216,262,3,47314,18892825,-97,LTE,LTE,1600,475
51.30957552393057,9.48253461794197,215,262,3,47314,18892825,-101,LTE,LTE,1600,475
51.30957552393057,9.48253461794197,215,262,3,47314,18892825,-101,LTE,LTE,1600,475
51.3095594857573,9.48233148957513,212,262,3,47314,18892825,-100,LTE,LTE,1600,475
51.30956248923456,9.482098570642702,212,262,3,47314,18916121,-99,LTE,LTE,1600,65
51.30956248923456,9.482098570642702,212,262,3,47314,18916121,-99,LTE,LTE,1600,65
51.309567453886494,9.481888418978505,211,262,3,47314,18916121,-101,LTE,LTE,1600,65
51.309567453886494,9.481888418978505,211,262,3,47314,18916121,-101,LTE,LTE,1600,65
51.309566656749865,9.481678496459482,210,262,3,47314,18916121,-104,LTE,LTE,1600,65
51.30957084959577,9.481453537881775,209,262,3,47314,18916121,-105,LTE,LTE,1600,65
51.30957084959577,9.481453537881775,209,262,3,47314,18916121,-105,LTE,LTE,1600,65
51.30958930097561,9.481275234390614,208,262,3,47314,18916121,-104,LTE,LTE,1600,65
51.30961232916151,9.481074721441264,206,262,3,47314,18916121,-106,LTE,LTE,1600,65
51.30961232916151,9.481074721441264,206,262,3,47314,18916121,-106,LTE,LTE,1600,65
51.30960273054694,9.480866036968976,205,262,3,47314,18916121,-103,LTE,LTE,1600,65
51.30961606900527,9.480640678098654,204,262,3,47314,18916121,-106,LTE,LTE,1600,65
51.30962097282474,9.48042488686849,204,262,3,47314,18916121,-108,LTE,LTE,1600,65
51.309606616911886,9.480266195885015,204,262,3,47314,20038438,-98,LTE,LTE,300,263
51.30962097282474,9.48042488686849,204,262,3,47314,18916121,-108,LTE,LTE,1600,65
51.30960623047298,9.480248585959767,204,262,3,47314,20038438,-96,LTE,LTE,300,263
51.309613809816526,9.480024134100049,202,262,3,47314,20038438,-102,LTE,LTE,300,263
51.309613809816526,9.480024134100049,202,262,3,47314,20038438,-102,LTE,LTE,300,263
51.30963561911735,9.479831541016631,202,262,3,47314,20038438,-90,LTE,LTE,300,263
51.309607977415624,9.479579769449309,201,262,3,47314,20038439,-99,LTE,LTE,300,187
51.30961385983239,9.479595202903196,202,262,3,47314,20038438,-103,LTE,LTE,300,263
51.30956531295944,9.479381792819654,200,262,3,47314,20038439,-97,LTE,LTE,300,187
51.30956531295944,9.479381792819654,200,262,3,47314,20038439,-97,LTE,LTE,300,187
51.3095382886548,9.479158541442452,199,262,3,47314,20038439,-99,LTE,LTE,300,187
51.309494705037054,9.478979481690697,196,262,3,47314,20038439,-95,LTE,LTE,300,187
51.309494705037054,9.478979481690697,196,262,3,47314,20038439,-95,LTE,LTE,300,187
51.30948525618039,9.478719455974295,195,262,3,47314,20038439,-95,LTE,LTE,300,187
51.309544030121415,9.47862736025347,194,262,3,47314,20038439,-102,LTE,LTE,300,187
51.3096868974711,9.47858383026221,194,262,3,47314,20038439,-101,LTE,LTE,300,187
51.3096868974711,9.47858383026221,194,262,3,47314,20038439,-101,LTE,LTE,300,187
51.30980834462621,9.478545108689362,195,262,3,47314,20038439,-107,LTE,LTE,300,187
51.30992750772056,9.47849208158625,195,262,3,47314,20038439,-99,LTE,LTE,300,187
51.30992750772056,9.47849208158625,195,262,3,47314,20038439,-99,LTE,LTE,300,187
51.31005530338908,9.478415395317047,196,262,3,47314,20038439,-100,LTE,LTE,300,187
51.310119736231684,9.478220886099873,197,262,3,47314,20038439,-92,LTE,LTE,300,187
51.310119736231684,9.478220886099873,197,262,3,47314,20038439,-92,LTE,LTE,300,187
51.31013779338964,9.477996356496975,199,262,3,47314,20038439,-100,LTE,LTE,300,187
51.31013779338964,9.477996356496975,199,262,3,47314,20038439,-100,LTE,LTE,300,187
51.3101420542461,9.477811789669103,200,262,3,47314,20038439,-97,LTE,LTE,300,187
51.31013919431099,9.477592105307314,200,262,3,47314,20038439,-91,LTE,LTE,300,187
51.31013919431099,9.477592105307314,200,262,3,47314,20038439,-91,LTE,LTE,300,187
51.310141626214616,9.477396641340023,202,262,3,47314,20038439,-95,LTE,LTE,300,187
51.31015766769658,9.477185547754669,206,262,3,47314,20038439,-90,LTE,LTE,300,187
51.310179513080676,9.476999481884288,207,262,3,47314,20038439,-91,LTE,LTE,300,187
51.310179513080676,9.476999481884288,207,262,3,47314,20038439,-91,LTE,LTE,300,187
51.31020978681979,9.476757788285958,208,262,3,47314,18234406,-84,LTE,LTE,300,366
51.31020131819434,9.476814093723416,208,262,3,47314,20038439,-91,LTE,LTE,300,187
51.31020978681979,9.476757788285958,208,262,3,47314,18234406,-84,LTE,LTE,300,366
51.31021489413536,9.47663936899899,208,262,3,47314,20038439,-87,LTE,LTE,300,187
51.31022925364919,9.476427773735946,209,262,3,47314,20038439,-87,LTE,LTE,300,187
51.31022925364919,9.476427773735946,209,262,3,47314,20038439,-87,LTE,LTE,300,187
51.3102443052504,9.476242228326786,209,262,3,47314,20038439,-82,LTE,LTE,300,187
51.31025074454565,9.475997822099092,208,262,3,47314,20038439,-82,LTE,LTE,300,187
51.3102593650336,9.475844160235418,208,262,3,47314,20038439,-80,LTE,LTE,300,187
51.3102593650336,9.475844160235418,208,262,3,47314,20038439,-80,LTE,LTE,300,187
51.310251298359354,9.475638063950216,206,262,3,47314,20038439,-79,LTE,LTE,300,187
51.310267864347594,9.475428607533992,207,262,3,47314,20038439,-86,LTE,LTE,300,187
51.310267864347594,9.475428607533992,207,262,3,47314,20038439,-86,LTE,LTE,300,187
51.31026668103772,9.475206098749602,205,262,3,47314,20038439,-85,LTE,LTE,300,187
51.31031939726336,9.475014312334151,204,262,3,47314,20038439,-88,LTE,LTE,300,187
51.31031939726336,9.475014312334151,204,262,3,47314,20038439,-88,LTE,LTE,300,187
51.31038720834334,9.47483693748459,204,262,3,47314,20038439,-91,LTE,LTE,300,187
51.31044904910467,9.474652850303375,204,262,3,47314,20038439,-94,LTE,LTE,300,187
51.31044904910467,9.474652850303375,204,262,3,47314,20038439,-94,LTE,LTE,300,187
51.310539662300805,9.474441168114677,203,262,3,47314,20038439,-94,LTE,LTE,300,187
51.31059532034289,9.474294387050982,203,262,3,47314,20038439,-88,LTE,LTE,300,187
51.31059532034289,9.474294387050982,203,262,3,47314,20038439,-88,LTE,LTE,300,187
51.310663155456254,9.474093950033796,203,262,3,47314,20038439,-88,LTE,LTE,300,187
51.31070542952485,9.47395082978576,204,262,3,47314,20038439,-85,LTE,LTE,300,187
51.31073392356529,9.473747372623018,203,262,3,47314,20038439,-88,LTE,LTE,300,187
51.31073392356529,9.473747372623018,203,262,3,47314,20038439,-88,LTE,LTE,300,187
51.31077240865671,9.473573713656375,202,262,3,47314,20038439,-83,LTE,LTE,300,187
51.31080980913379,9.47340502274724,205,262,3,47314,20038439,-81,LTE,LTE,300,187
51.31082776248774,9.47334094847901,205,262,3,47314,20038439,-96,LTE,LTE,300,187
51.31082776248774,9.47334094847901,205,262,3,47314,20038439,-96,LTE,LTE,300,187
51.31083295110582,9.473374819589145,209,262,3,47314,20038439,-105,LTE,LTE,300,187
51.31089399096694,9.473435523845808,209,262,3,47314,20038439,-109,LTE,LTE,300,187
51.311295258030206,9.473796736862951,218,262,3,47314,18891546,-101,LTE,LTE,1600,421
51.311211882147994,9.473779655435834,217,262,3,47314,18891546,-90,LTE,LTE,1600,421
51.311211882147994,9.473779655435834,217,262,3,47314,18891546,-90,LTE,LTE,1600,421
51.31115479099407,9.473535126864821,217,262,3,47314,18891546,-95,LTE,LTE,1600,421
51.311191218515205,9.47351996200694,217,262,3,47314,18891546,-103,LTE,LTE,1600,421
51.31120018556293,9.473516056109284,217,262,3,47314,18224425,-98,LTE,LTE,1600,336
51.31120018556293,9.473516056109284,217,262,3,47314,18224425,-98,LTE,LTE,1600,336
51.311202667018364,9.473511113241342,217,262,3,47314,18233127,-90,LTE,LTE,300,434
51.311202667018364,9.473511113241342,217,262,3,47314,18233127,-90,LTE,LTE,300,434
51.31120279810325,9.473510962418256,217,262,3,47314,18224445,-104,LTE,LTE,3350,226
51.31120277726538,9.473510972319447,217,262,3,47314,18233127,-89,LTE,LTE,300,434
51.31120282491622,9.473511059206876,217,262,3,47314,18224445,-102,LTE,LTE,3350,226
51.31120282491622,9.473511059206876,217,262,3,47314,18224445,-102,LTE,LTE,3350,226
51.31120292637802,9.473511319169186,217,262,3,47314,18224445,-101,LTE,LTE,3350,226
51.31120292637802,9.473511319169186,217,262,3,47314,18224445,-101,LTE,LTE,3350,226
51.311207390951196,9.473503551961098,217,262,3,47314,18224425,-100,LTE,LTE,1600,336
51.31124687734088,9.47339372365458,217,262,3,47314,18233127,-89,LTE,LTE,300,434
51.311246816302265,9.473393468770427,217,262,3,47314,18242853,-90,LTE,LTE,300,412
51.31125635038124,9.473444088932034,217,262,3,47314,18233127,-90,LTE,LTE,300,434
51.311246816302265,9.473393468770427,217,262,3,47314,18242853,-90,LTE,LTE,300,412
