51.31127359,9.47352325,205,262,1,3080,30926080,-88,LTE,LTE,1300,209
51.31127359,9.47352325,205,262,1,3080,30926080,-88,LTE,LTE,1300,209
51.3112732,9.4735233,205,262,1,3080,30926080,-87,LTE,LTE,1300,209
51.31127319,9.47352334,205,262,1,3080,30926080,-89,LTE,LTE,1300,209
51.31127313,9.47352332,205,262,1,3080,30926080,-88,LTE,LTE,1300,209
51.31127313,9.47352332,205,262,1,3080,30926080,-88,LTE,LTE,1300,209
51.31127268,9.4735229,205,262,1,3080,30926080,-87,LTE,LTE,1300,209
51.31127272,9.47352294,205,262,1,3080,30926080,-88,LTE,LTE,1300,209
51.31127272,9.47352294,205,262,1,3080,30926080,-88,LTE,LTE,1300,209
51.31127279,9.47352301,205,262,1,3080,30926080,-88,LTE,LTE,1300,209
51.31127225,9.47352304,205,262,1,3080,30926080,-89,LTE,LTE,1300,209
51.31127225,9.47352297,205,262,1,3080,30926080,-83,LTE,LTE,1300,209
51.31127225,9.47352297,205,262,1,3080,30926080,-83,LTE,LTE,1300,209
51.31127223,9.47352309,205,262,1,3080,30926080,-86,LTE,LTE,1300,209
51.31127188,9.4735232,204,262,1,3080,30926080,-85,LTE,LTE,1300,209
51.31127188,9.4735232,204,262,1,3080,30926080,-85,LTE,LTE,1300,209
51.31127193,9.47352307,205,262,1,3080,30926080,-87,LTE,LTE,1300,209
51.31127194,9.47352291,205,262,1,3080,30926080,-85,LTE,LTE,1300,209
51.31127224,9.47352269,205,262,1,3080,30926080,-86,LTE,LTE,1300,209
51.31127224,9.47352269,205,262,1,3080,30926080,-86,LTE,LTE,1300,209
51.31127197,9.47352172,205,262,1,3080,30926080,-85,LTE,LTE,1300,209
51.31127199,9.47352159,205,262,1,3080,30926080,-87,LTE,LTE,1300,209
51.31127145,9.47352127,205,262,1,3080,30926080,-85,LTE,LTE,1300,209
51.31127145,9.47352127,205,262,1,3080,30926080,-85,LTE,LTE,1300,209
51.31127145,9.47352139,204,262,1,3080,30926080,-86,LTE,LTE,1300,209
51.31127153,9.47352127,204,262,1,3080,30926080,-85,LTE,LTE,1300,209
51.31127157,9.47352131,204,262,1,3080,30926080,-86,LTE,LTE,1300,209
51.31127157,9.47352131,204,262,1,3080,30926080,-86,LTE,LTE,1300,209
51.31127094,9.47352125,204,262,1,3080,30926080,-86,LTE,LTE,1300,209
51.31127101,9.47352125,204,262,1,3080,30926080,-88,LTE,LTE,1300,209
51.31127101,9.47352125,204,262,1,3080,30926080,-88,LTE,LTE,1300,209
51.31127101,9.47352117,204,262,1,3080,30926080,-89,LTE,LTE,1300,209
51.31127059,9.47352088,204,262,1,3080,30926080,-88,LTE,LTE,1300,209
51.31127051,9.47352075,204,262,1,3080,30926080,-88,LTE,LTE,1300,209
51.3112705,9.47352083,204,262,1,3080,30926080,-87,LTE,LTE,1300,209
51.3112705,9.47352083,204,262,1,3080,30926080,-87,LTE,LTE,1300,209
51.31126987,9.47352071,204,262,1,3080,30926080,-85,LTE,LTE,1300,209
51.31126993,9.47352066,204,262,1,3080,30926080,-86,LTE,LTE,1300,209
51.31126993,9.47352066,204,262,1,3080,30926080,-86,LTE,LTE,1300,209
51.31126963,9.47352039,204,262,1,3080,30926080,-86,LTE,LTE,1300,209
51.31126925,9.47352026,204,262,1,3080,30926080,-91,LTE,LTE,1300,209
51.31126837,9.47352003,204,262,1,3080,30926080,-92,LTE,LTE,1300,209
51.31126838,9.47352001,204,262,1,3080,30926080,-82,LTE,LTE,1300,209
51.3112671,9.47351754,204,262,1,3080,30926080,-85,LTE,LTE,1300,209
51.3112671,9.47351754,204,262,1,3080,30926080,-85,LTE,LTE,1300,209
51.31126676,9.47351759,204,262,1,3080,30926080,-88,LTE,LTE,1300,209
51.31126674,9.47351752,204,262,1,3080,30926080,-86,LTE,LTE,1300,209
51.31126677,9.47351753,204,262,1,3080,30926080,-88,LTE,LTE,1300,209
51.31126677,9.47351753,204,262,1,3080,30926080,-88,LTE,LTE,1300,209
51.31126625,9.47351709,204,262,1,3080,30926080,-84,LTE,LTE,1300,209
51.31126675,9.47351729,204,262,1,3080,30926080,-90,LTE,LTE,1300,209
51.31126675,9.47351729,204,262,1,3080,30926080,-90,LTE,LTE,1300,209
51.31126667,9.47351741,204,262,1,3080,30926080,-87,LTE,LTE,1300,209
51.3112661,9.47351755,204,262,1,3080,30926080,-85,LTE,LTE,1300,209
51.3112661,9.47351755,204,262,1,3080,30926080,-85,LTE,LTE,1300,209
51.31126542,9.47351748,204,262,1,3080,30926080,-85,LTE,LTE,1300,209
51.31126542,9.47351749,204,262,1,3080,30926080,-88,LTE,LTE,1300,209
51.3112655,9.47351751,204,262,1,3080,30926080,-89,LTE,LTE,1300,209
51.3112655,9.47351751,204,262,1,3080,30926080,-89,LTE,LTE,1300,209
51.31126555,9.47351749,204,262,1,3080,30926080,-87,LTE,LTE,1300,209
51.31126555,9.47351748,204,262,1,3080,30926080,-87,LTE,LTE,1300,209
51.31126555,9.47351748,204,262,1,3080,30926080,-87,LTE,LTE,1300,209
51.31126566,9.47351745,204,262,1,3080,30926080,-87,LTE,LTE,1300,209
51.31126571,9.47351743,204,262,1,3080,30926080,-88,LTE,LTE,1300,209
51.31126544,9.47351715,204,262,1,3080,30926080,-88,LTE,LTE,1300,209
51.31126544,9.47351715,204,262,1,3080,30926080,-88,LTE,LTE,1300,209
51.31126552,9.47351703,204,262,1,3080,30926080,-88,LTE,LTE,1300,209
51.31126553,9.47351685,204,262,1,3080,30926080,-86,LTE,LTE,1300,209
51.31126492,9.47351635,204,262,1,3080,30926080,-90,LTE,LTE,1300,209
51.31126492,9.47351635,204,262,1,3080,30926080,-90,LTE,LTE,1300,209
51.31126495,9.47351628,204,262,1,3080,30926080,-91,LTE,LTE,1300,209
51.31126498,9.47351624,204,262,1,3080,30926080,-90,LTE,LTE,1300,209
51.31126501,9.47351619,204,262,1,3080,30926080,-92,LTE,LTE,1300,209
51.31126501,9.47351619,204,262,1,3080,30926080,-92,LTE,LTE,1300,209
51.31126479,9.47351628,204,262,1,3080,30926080,-91,LTE,LTE,1300,209
51.31126479,9.47351629,204,262,1,3080,30926080,-90,LTE,LTE,1300,209
51.3112648,9.47351628,204,262,1,3080,30926080,-91,LTE,LTE,1300,209
51.3112648,9.47351628,204,262,1,3080,30926080,-91,LTE,LTE,1300,209
51.31126457,9.47351616,204,262,1,3080,30926080,-90,LTE,LTE,1300,209
51.31126457,9.47351616,204,262,1,3080,30926080,-91,LTE,LTE,1300,209
51.31126457,9.47351617,204,262,1,3080,30926080,-91,LTE,LTE,1300,209
51.31126427,9.47351615,204,262,1,3080,30926080,-90,LTE,LTE,1300,209
51.31126427,9.47351615,204,262,1,3080,30926080,-90,LTE,LTE,1300,209
51.31126427,9.47351616,204,262,1,3080,30926080,-91,LTE,LTE,1300,209
51.31126427,9.47351616,204,262,1,3080,30926080,-91,LTE,LTE,1300,209
51.31126427,9.47351616,204,262,1,3080,30926080,-91,LTE,LTE,1300,209
51.31126403,9.47351594,204,262,1,3080,30926080,-92,LTE,LTE,1300,209
51.31126403,9.47351594,204,262,1,3080,30926080,-91,LTE,LTE,1300,209
51.31126403,9.47351594,204,262,1,3080,30926080,-92,LTE,LTE,1300,209
51.31126403,9.47351594,204,262,1,3080,30926080,-92,LTE,LTE,1300,209
51.31126384,9.47351605,204,262,1,3080,30926080,-92,LTE,LTE,1300,209
51.31126384,9.47351605,204,262,1,3080,30926080,-92,LTE,LTE,1300,209
51.31126384,9.47351605,204,262,1,3080,30926080,-92,LTE,LTE,1300,209
51.31126356,9.47351608,204,262,1,3080,30926080,-91,LTE,LTE,1300,209
51.31126337,9.47351611,204,262,1,3080,30926080,-92,LTE,LTE,1300,209
51.31126337,9.47351609,204,262,1,3080,30926080,-92,LTE,LTE,1300,209
51.31126337,9.47351609,204,262,1,3080,30926080,-92,LTE,LTE,1300,209
51.31126337,9.47351609,204,262,1,3080,30926080,-92,LTE,LTE,1300,209
51.31126319,9.4735161,204,262,1,3080,30926080,-92,LTE,LTE,1300,209
51.31126319,9.47351608,204,262,1,3080,30926080,-90,LTE,LTE,1300,209
51.3112632,9.47351604,204,262,1,3080,30926080,-88,LTE,LTE,1300,209
51.31126293,9.47351625,204,262,1,3080,30926080,-91,LTE,LTE,1300,209
51.31126293,9.47351625,204,262,1,3080,30926080,-91,LTE,LTE,1300,209
51.31126292,9.47351623,204,262,1,3080,30926080,-90,LTE,LTE,1300,209
51.31126292,9.47351622,204,262,1,3080,30926080,-90,LTE,LTE,1300,209
51.31126292,9.47351622,204,262,1,3080,30926080,-90,LTE,LTE,1300,209
51.31126262,9.47351621,204,262,1,3080,30926080,-92,LTE,LTE,1300,209
51.31126263,9.47351621,204,262,1,3080,30926080,-90,LTE,LTE,1300,209
51.31126263,9.47351619,204,262,1,3080,30926080,-89,LTE,LTE,1300,209
51.31126263,9.47351619,204,262,1,3080,30926080,-89,LTE,LTE,1300,209
51.31126239,9.47351613,204,262,1,3080,30926080,-88,LTE,LTE,1300,209
51.31126242,9.47351606,204,262,1,3080,30926080,-87,LTE,LTE,1300,209
51.31126242,9.47351592,204,262,1,3080,30926080,-88,LTE,LTE,1300,209
51.31126242,9.47351592,204,262,1,3080,30926080,-88,LTE,LTE,1300,209
51.31126223,9.47351562,204,262,1,3080,30926080,-87,LTE,LTE,1300,209
51.31126224,9.47351561,204,262,1,3080,30926080,-86,LTE,LTE,1300,209
51.31126224,9.47351561,204,262,1,3080,30926080,-86,LTE,LTE,1300,209
51.31126225,9.4735156,204,262,1,3080,30926080,-86,LTE,LTE,1300,209
51.31126197,9.47351546,204,262,1,3080,30926080,-84,LTE,LTE,1300,209
51.31126201,9.47351538,204,262,1,3080,30926080,-80,LTE,LTE,1300,209
51.31126201,9.47351538,204,262,1,3080,30926080,-80,LTE,LTE,1300,209
51.31126204,9.47351537,204,262,1,3080,30926080,-81,LTE,LTE,1300,209
51.31126171,9.47351493,204,262,1,3080,30926080,-71,LTE,LTE,1300,209
51.31126171,9.47351493,204,262,1,3080,30926080,-71,LTE,LTE,1300,209
51.31128251,9.47360384,213,262,1,3080,30926080,-74,LTE,LTE,1300,209
51.31128299,9.47364216,213,262,1,3080,30926080,-80,LTE,LTE,1300,209
51.31125998,9.47365293,218,262,1,3080,30926080,-93,LTE,LTE,1300,209
51.31125998,9.47365293,218,262,1,3080,30926080,-93,LTE,LTE,1300,209
51.31127509,9.47368487,216,262,1,3080,30926080,-95,LTE,LTE,1300,209
51.31126315,9.47369158,217,262,1,3080,30926080,-91,LTE,LTE,1300,209
51.31126315,9.47369158,217,262,1,3080,30926080,-91,LTE,LTE,1300,209
51.31126894,9.47369395,217,262,1,3080,30926080,-102,LTE,LTE,1300,209
51.31124098,9.47371845,212,262,1,3080,30926080,-93,LTE,LTE,1300,209
51.31116604,9.47380573,215,262,1,3080,30926080,-93,LTE,LTE,1300,209
51.31111277,9.47384685,216,262,1,3080,30926080,-92,LTE,LTE,1300,209
51.31108226,9.47392416,223,262,1,3080,30926080,-94,LTE,LTE,1300,209
51.31107866,9.47392723,223,262,1,3080,30926080,-98,LTE,LTE,1300,209
51.31104754,9.47396149,229,262,1,3080,30926080,-94,LTE,LTE,1300,209
51.31088027,9.47396437,231,262,1,3080,30926080,-96,LTE,LTE,1300,209
51.31120722,9.47401795,217,262,1,3080,30926080,-81,LTE,LTE,1300,209
51.31133009,9.47400789,221,262,1,3080,30926080,-84,LTE,LTE,1300,209
51.31143158,9.47400955,220,262,1,3080,30926080,-80,LTE,LTE,1300,209
51.31151083,9.47399047,217,262,1,3080,30926080,-78,LTE,LTE,1300,209
51.31159587,9.47396972,215,262,1,3080,30926080,-79,LTE,LTE,1300,209
51.31170384,9.47395557,215,262,1,3080,30926080,-76,LTE,LTE,1300,209
51.31179117,9.47393725,218,262,1,3080,30926080,-79,LTE,LTE,1300,209
51.31182452,9.47392764,218,262,1,3080,30926080,-75,LTE,LTE,1300,209
51.3119465,9.4738908,216,262,1,3080,30926080,-73,LTE,LTE,1300,209
51.31198956,9.4739225,216,262,1,3080,30926080,-72,LTE,LTE,1300,209
51.31202349,9.4739478,215,262,1,3080,30926080,-79,LTE,LTE,1300,209
51.31203393,9.47394956,217,262,1,3080,30926080,-75,LTE,LTE,1300,209
51.31203661,9.47394436,217,262,1,3080,30926080,-76,LTE,LTE,1300,209
51.31203483,9.47394796,216,262,1,3080,30926080,-77,LTE,LTE,1300,209
51.31206533,9.47395245,217,262,1,3080,30926080,-73,LTE,LTE,1300,209
51.31213439,9.47397582,216,262,1,3080,30926080,-78,LTE,LTE,1300,209
51.31213439,9.47397582,216,262,1,3080,30926080,-78,LTE,LTE,1300,209
51.31217329,9.47398384,217,262,1,3080,30926080,-78,LTE,LTE,1300,209
51.31218043,9.47399535,217,262,1,3080,30926080,-78,LTE,LTE,1300,209
51.31226662,9.47404497,217,262,1,3080,30926080,-80,LTE,LTE,1300,209
51.31226662,9.47404497,217,262,1,3080,30926080,-80,LTE,LTE,1300,209
51.31225141,9.47428715,219,262,1,3080,30926080,-79,LTE,LTE,1300,209
51.31223821,9.47451409,217,262,1,3080,30926080,-79,LTE,LTE,1300,209
51.31223821,9.47451409,217,262,1,3080,30926080,-79,LTE,LTE,1300,209
51.31222962,9.47470286,216,262,1,3080,30926080,-83,LTE,LTE,1300,209
51.31224297,9.47496998,216,262,1,3080,30926080,-86,LTE,LTE,1300,209
51.31224297,9.47496998,216,262,1,3080,30926080,-86,LTE,LTE,1300,209
51.31224062,9.47519142,215,262,1,3080,30926080,-89,LTE,LTE,1300,209
51.31222396,9.47538651,216,262,1,3080,30926080,-88,LTE,LTE,1300,209
51.31222396,9.47538651,216,262,1,3080,30926080,-88,LTE,LTE,1300,209
51.31221321,9.47561612,217,262,1,3080,30926080,-92,LTE,LTE,1300,209
51.3121918,9.47583612,214,262,1,3080,26288641,-85,LTE,LTE,1300,64
51.3121918,9.47583612,214,262,1,3080,26288641,-85,LTE,LTE,1300,64
51.31217281,9.47611467,215,262,1,3080,26288641,-90,LTE,LTE,1300,64
51.31217281,9.47611467,215,262,1,3080,26288641,-90,LTE,LTE,1300,64
51.31217951,9.47628903,214,262,1,3080,30926080,-97,LTE,LTE,1300,209
51.31222894,9.47645347,218,262,1,3080,30926080,-92,LTE,LTE,1300,209
51.31222894,9.47645347,218,262,1,3080,30926080,-92,LTE,LTE,1300,209
51.31225751,9.47667957,213,262,1,3080,30926080,-95,LTE,LTE,1300,209
51.3123097,9.47686276,213,262,1,3080,26288642,-95,LTE,LTE,1300,63
51.3123097,9.47686276,213,262,1,3080,30926080,-95,LTE,LTE,1300,209
51.3123097,9.47686276,213,262,1,3080,26288642,-95,LTE,LTE,1300,63
51.3123097,9.47686276,213,262,1,3080,30926080,-95,LTE,LTE,1300,209
51.31236824,9.47704935,213,262,1,3080,30926080,-101,LTE,LTE,1300,209
51.31240996,9.47727174,212,262,1,3080,26288641,-98,LTE,LTE,1300,64
51.31242827,9.47746182,210,262,1,3080,26288641,-93,LTE,LTE,1300,64
51.31242827,9.47746182,210,262,1,3080,26288641,-93,LTE,LTE,1300,64
51.31238754,9.47768394,204,262,1,3080,26288641,-98,LTE,LTE,1300,64
51.31234571,9.47789231,197,262,1,3080,26288641,-88,LTE,LTE,1300,64
51.31238717,9.47809744,201,262,1,3080,26288642,-92,LTE,LTE,1300,63
51.31238717,9.47809744,201,262,1,3080,26288642,-92,LTE,LTE,1300,63
51.31250187,9.47828804,206,262,1,3080,26288641,-100,LTE,LTE,1300,64
51.31262536,9.47846822,209,262,1,3080,27422721,-103,LTE,LTE,1300,351
51.31271602,9.47863036,210,262,1,3080,27422721,-101,LTE,LTE,1300,351
51.31271602,9.47863036,210,262,1,3080,27422721,-101,LTE,LTE,1300,351
51.31288585,9.47892505,215,262,1,3080,27422721,-97,LTE,LTE,1300,351
51.31294639,9.47906127,215,262,1,3080,27422721,-97,LTE,LTE,1300,351
51.31300053,9.47920031,215,262,1,3080,27422721,-83,LTE,LTE,1300,351
51.31303594,9.47929105,215,262,1,3080,27422721,-95,LTE,LTE,1300,351
51.31306628,9.47946025,213,262,1,3080,27422721,-87,LTE,LTE,1300,351
51.31305452,9.47950279,213,262,1,3080,27422721,-92,LTE,LTE,1300,351
51.31309647,9.47959407,221,262,1,3080,27422721,-96,LTE,LTE,1300,351
51.31306118,9.47961704,223,262,1,3080,27422721,-98,LTE,LTE,1300,351
51.31291597,9.47964262,228,262,1,3080,27422721,-97,LTE,LTE,1300,351
51.31276906,9.47968428,232,262,1,3080,27422721,-96,LTE,LTE,1300,351
51.31267283,9.4797182,231,262,1,3080,27422721,-100,LTE,LTE,1300,351
51.31259079,9.47975461,229,262,1,3080,27422721,-104,LTE,LTE,1300,351
51.31250209,9.47978357,228,262,1,3080,27422721,-102,LTE,LTE,1300,351
51.31238564,9.47980863,227,262,1,3080,27422721,-100,LTE,LTE,1300,351
51.31236243,9.47981368,227,262,1,3080,27422721,-103,LTE,LTE,1300,351
51.31223433,9.47985415,228,262,1,3080,27422721,-108,LTE,LTE,1300,351
51.3121313,9.47986471,225,262,1,3080,27422721,-109,LTE,LTE,1300,351
51.31200688,9.47988659,224,262,1,3080,27422721,-96,LTE,LTE,1300,351
51.31196949,9.48002492,223,262,1,3080,27422721,-98,LTE,LTE,1300,351
51.31188357,9.48009046,222,262,1,3080,27422721,-105,LTE,LTE,1300,351
51.3118144,9.48008393,222,262,1,3080,26454272,-89,LTE,LTE,1300,67
51.31188357,9.48009046,222,262,1,3080,27422721,-105,LTE,LTE,1300,351
51.31170297,9.48004971,221,262,1,3080,26454272,-96,LTE,LTE,1300,67
51.31173061,9.48006166,221,262,1,3080,27422721,-105,LTE,LTE,1300,351
51.31170297,9.48004971,221,262,1,3080,26454272,-96,LTE,LTE,1300,67
51.31166692,9.47992491,221,262,1,3080,39934977,-100,LTE,LTE,1300,148
51.31163107,9.4797875,222,262,1,3080,39934977,-105,LTE,LTE,1300,148
51.3115232,9.47979669,222,262,1,3080,39934977,-103,LTE,LTE,1300,148
51.31143218,9.47979704,222,262,1,3080,39934977,-104,LTE,LTE,1300,148
51.31134278,9.47978342,223,262,1,3080,39934977,-106,LTE,LTE,1300,148
51.31126637,9.47977443,225,262,1,3080,39934977,-105,LTE,LTE,1300,148
51.31120044,9.47977069,226,262,1,3080,39934977,-104,LTE,LTE,1300,148
51.31103811,9.47976359,225,262,1,3080,39934977,-101,LTE,LTE,1300,148
51.31095004,9.47976795,227,262,1,3080,39934977,-106,LTE,LTE,1300,148
51.3108451,9.47975026,226,262,1,3080,39934977,-105,LTE,LTE,1300,148
51.31077736,9.47973838,226,262,1,3080,39934977,-99,LTE,LTE,1300,148
51.31064209,9.47971936,227,262,1,3080,39934977,-100,LTE,LTE,1300,148
51.31057502,9.47971945,228,262,1,3080,39934977,-98,LTE,LTE,1300,148
51.31045125,9.47973295,229,262,1,3080,39934977,-102,LTE,LTE,1300,148
51.31039159,9.47971763,230,262,1,3080,39934977,-102,LTE,LTE,1300,148
51.31033469,9.4797164,230,262,1,3080,39934977,-102,LTE,LTE,1300,148
51.31023728,9.47975326,230,262,1,3080,39934977,-103,LTE,LTE,1300,148
51.31022821,9.47979227,230,262,1,3080,39916289,-83,LTE,LTE,1300,245
51.31019662,9.47992711,230,262,1,3080,39934977,-104,LTE,LTE,1300,148
51.3102026,9.47989153,230,262,1,3080,39916289,-99,LTE,LTE,1300,245
51.31015552,9.48003484,230,262,1,3080,39934977,-105,LTE,LTE,1300,148
51.31016821,9.48001206,230,262,1,3080,27422721,-113,LTE,LTE,1300,351
51.3101392,9.48016771,228,262,1,3080,39934977,-95,LTE,LTE,1300,148
51.3101379,9.48030735,229,262,1,3080,39934977,-107,LTE,LTE,1300,148
51.3101379,9.48030735,229,262,1,3080,39934977,-107,LTE,LTE,1300,148
51.31014254,9.48045448,229,262,1,3080,39916289,-98,LTE,LTE,1300,245
51.31013684,9.48034665,229,262,1,3080,27422721,-106,LTE,LTE,1300,351
51.31014254,9.48045448,229,262,1,3080,39916289,-98,LTE,LTE,1300,245
51.3101466,9.48058898,230,262,1,3080,27422721,-104,LTE,LTE,1300,351
51.3101507,9.48076546,231,262,1,3080,26288641,-105,LTE,LTE,1300,64
51.31014692,9.480665,231,262,1,3080,27422721,-112,LTE,LTE,1300,351
51.31014524,9.48090737,232,262,1,3080,26288641,-113,LTE,LTE,1300,64
51.31014524,9.48090737,232,262,1,3080,26288641,-113,LTE,LTE,1300,64
51.31014795,9.48096345,232,262,1,3080,39916289,-103,LTE,LTE,1300,245
51.31013891,9.4810594,232,262,1,3080,27426562,-101,LTE,LTE,1300,444
51.31014396,9.48116003,233,262,1,3080,27426562,-96,LTE,LTE,1300,444
51.31014901,9.48126397,233,262,1,3080,27426562,-99,LTE,LTE,1300,444
51.31014269,9.48141758,234,262,1,3080,27426562,-95,LTE,LTE,1300,444
51.31013979,9.48147961,233,262,1,3080,39916289,-97,LTE,LTE,1300,245
51.31014178,9.48157972,233,262,1,4012,26299138,-97,LTE,LTE,1300,62
51.31014269,9.48141758,234,262,1,3080,27426562,-95,LTE,LTE,1300,444
51.31014023,9.48151912,233,262,1,3080,39916289,-98,LTE,LTE,1300,245
51.31014113,9.48162122,234,262,1,4012,26299138,-108,LTE,LTE,1300,62
51.3101398,9.48179153,234,262,1,3080,27426562,-97,LTE,LTE,1300,444
51.31014203,9.48192188,233,262,1,3080,26288641,-99,LTE,LTE,1300,64
51.31014019,9.48188133,234,262,1,3080,27426562,-102,LTE,LTE,1300,444
51.31014398,9.48208337,232,262,1,3080,26288641,-103,LTE,LTE,1300,64
51.31013782,9.48220133,232,262,1,3080,26288641,-107,LTE,LTE,1300,64
51.31013042,9.48238652,232,262,1,3080,26288641,-98,LTE,LTE,1300,64
51.31013108,9.48248116,233,262,1,3080,26288641,-106,LTE,LTE,1300,64
51.31010489,9.48266151,232,262,1,3080,26288641,-105,LTE,LTE,1300,64
51.31010489,9.48266151,232,262,1,3080,26288641,-105,LTE,LTE,1300,64
51.31009412,9.48275417,232,262,1,3080,39916289,-93,LTE,LTE,1300,245
51.31009948,9.48269882,232,262,1,4012,36350465,-97,LTE,LTE,1300,426
51.31006691,9.48294342,233,262,1,3080,39916289,-93,LTE,LTE,1300,245
51.31005621,9.48308069,232,262,1,3080,39916289,-96,LTE,LTE,1300,245
51.31003531,9.48322947,233,262,1,3080,39916289,-104,LTE,LTE,1300,245
51.31001598,9.4833703,234,262,1,3080,39916289,-101,LTE,LTE,1300,245
51.30997548,9.48348005,234,262,1,3080,39916289,-101,LTE,LTE,1300,245
51.30997548,9.48348005,234,262,1,3080,39916289,-101,LTE,LTE,1300,245
51.30994058,9.48344205,233,262,1,3080,39971072,-101,LTE,LTE,1300,101
51.30993135,9.48330464,232,262,1,3080,39971072,-102,LTE,LTE,1300,101
51.30992822,9.48313941,230,262,1,3080,39971072,-104,LTE,LTE,1300,101
51.30991165,9.48297485,230,262,1,3080,39971072,-109,LTE,LTE,1300,101
51.30989874,9.48282821,229,262,1,3080,39971072,-106,LTE,LTE,1300,101
51.30988637,9.48272833,229,262,1,3080,39971072,-109,LTE,LTE,1300,101
51.30985641,9.48254231,227,262,1,4012,26462722,-109,LTE,LTE,1300,224
51.30986676,9.48259366,227,262,1,3080,39971072,-114,LTE,LTE,1300,101
51.30985641,9.48254231,227,262,1,4012,26462722,-109,LTE,LTE,1300,224
51.30984902,9.48250577,227,262,1,3080,39916289,-107,LTE,LTE,1300,245
51.30984155,9.48244875,226,262,1,3080,45356032,-83,LTE,LTE,3749,223
51.30982001,9.48240177,225,262,1,3080,45356034,-102,LTE,LTE,500,485
51.30976847,9.48251093,224,262,1,3080,45356034,-95,LTE,LTE,500,485
51.3097707,9.48267809,222,262,1,3080,45356034,-92,LTE,LTE,500,485
51.30977277,9.48278301,222,262,1,3080,45356034,-98,LTE,LTE,500,485
51.30972486,9.48295324,221,262,1,3080,45356034,-101,LTE,LTE,500,485
51.30967262,9.48293476,221,262,1,3080,45356034,-97,LTE,LTE,500,485
51.30963629,9.48285314,220,262,1,3080,45356034,-97,LTE,LTE,500,485
51.30961061,9.48272317,217,262,1,3080,45356034,-96,LTE,LTE,500,485
51.30957193,9.48251944,214,262,1,3080,45356034,-97,LTE,LTE,500,485
51.30956411,9.48244645,214,262,1,3080,26290176,-94,LTE,LTE,1300,494
51.30956978,9.48249508,213,262,1,3080,45356034,-93,LTE,LTE,500,485
51.30956207,9.48237737,213,262,1,3080,26290176,-110,LTE,LTE,1300,494
51.30956978,9.48249508,213,262,1,3080,45356034,-93,LTE,LTE,500,485
51.30956673,9.48224752,213,262,1,3080,26290176,-111,LTE,LTE,1300,494
51.30957305,9.48215753,212,262,1,3080,26290176,-116,LTE,LTE,1300,494
51.30957449,9.48207593,213,262,1,3080,39971072,-99,LTE,LTE,1300,101
51.30957139,9.48202525,212,262,1,3080,39971072,-110,LTE,LTE,1300,101
51.30957207,9.48193461,212,262,1,3080,45356032,-90,LTE,LTE,3749,223
51.30957361,9.48184805,211,262,1,3080,45356034,-105,LTE,LTE,500,485
51.3095781,9.48171711,210,262,1,3080,45356034,-102,LTE,LTE,500,485
51.30958783,9.48160463,209,262,1,3080,45356034,-101,LTE,LTE,500,485
51.30960072,9.4814316,209,262,1,3080,45356034,-101,LTE,LTE,500,485
51.30960592,9.48134739,210,262,1,3080,45356034,-102,LTE,LTE,500,485
51.30960989,9.48117355,209,262,1,3080,45356034,-102,LTE,LTE,500,485
51.30960021,9.48098641,208,262,1,3080,45356034,-107,LTE,LTE,500,485
51.30960023,9.48094682,208,262,1,3080,45356034,-108,LTE,LTE,500,485
51.30961368,9.48071648,206,262,1,3080,45356034,-105,LTE,LTE,500,485
51.30961411,9.48061518,206,262,1,3080,45356034,-108,LTE,LTE,500,485
51.30959264,9.48038692,205,262,1,3080,45356034,-109,LTE,LTE,500,485
51.3095758,9.48024744,204,262,1,3080,45356034,-111,LTE,LTE,500,485
51.30957696,9.48011901,202,262,1,3080,45356034,-110,LTE,LTE,500,485
51.30957242,9.48001657,202,262,1,3080,45356034,-110,LTE,LTE,500,485
51.30958673,9.47986103,200,262,1,3080,45356034,-113,LTE,LTE,500,485
51.30957722,9.47976031,199,262,1,3080,27426822,-108,LTE,LTE,500,182
51.30958141,9.47979933,200,262,1,3080,45356034,-114,LTE,LTE,500,485
51.30957722,9.47976031,199,262,1,3080,27426822,-108,LTE,LTE,500,182
51.30956331,9.47959743,198,262,1,3080,39971081,-112,LTE,LTE,500,494
51.30955892,9.47947458,198,262,1,3080,39971081,-113,LTE,LTE,500,494
51.30955415,9.47940649,198,262,1,3080,39971081,-108,LTE,LTE,500,494
51.30951622,9.47923338,200,262,1,3080,39934976,-111,LTE,LTE,500,38
51.30955415,9.47940649,198,262,1,3080,39971081,-108,LTE,LTE,500,494
51.30951622,9.47923338,200,262,1,3080,39934976,-111,LTE,LTE,500,38
51.30947532,9.47911102,199,262,1,3080,45356032,-100,LTE,LTE,3749,223
51.30945728,9.47893855,198,262,1,3080,45356032,-96,LTE,LTE,3749,223
51.30945305,9.47883269,197,262,1,3080,45356032,-97,LTE,LTE,3749,223
51.30948656,9.47870518,197,262,1,3080,45356032,-98,LTE,LTE,3749,223
51.30951077,9.47863963,197,262,1,3080,45356032,-100,LTE,LTE,3749,223
51.3096054,9.47861387,194,262,1,3080,45356032,-106,LTE,LTE,3749,223
51.30967277,9.47857676,192,262,1,3080,45356032,-105,LTE,LTE,3749,223
51.30972697,9.4785505,191,262,1,3080,45356032,-107,LTE,LTE,3749,223
51.30984949,9.47851197,191,262,1,3080,45356032,-102,LTE,LTE,3749,223
51.30991236,9.47849195,191,262,1,3080,45356032,-106,LTE,LTE,3749,223
51.3100302,9.47841946,191,262,1,3080,42018826,-103,LTE,LTE,3749,245
51.31000819,9.47844133,191,262,1,3080,39934979,-103,LTE,LTE,3749,456
51.31004984,9.47839924,191,262,1,3080,42018826,-104,LTE,LTE,3749,245
51.31007673,9.47827389,193,262,1,3080,45356032,-101,LTE,LTE,3749,223
51.31009804,9.47816508,194,262,1,3080,45356032,-107,LTE,LTE,3749,223
51.31010402,9.47796157,196,262,1,3080,39934979,-101,LTE,LTE,3749,456
51.31009877,9.47786842,196,262,1,3080,39934979,-102,LTE,LTE,3749,456
51.31010035,9.47767555,197,262,1,3080,39934979,-102,LTE,LTE,3749,456
51.31010147,9.47759335,197,262,1,3080,30926086,-104,LTE,LTE,3749,387
51.310103,9.47764425,197,262,1,3080,39934979,-109,LTE,LTE,3749,456
51.31008721,9.47745687,199,262,1,3080,30926086,-105,LTE,LTE,3749,387
51.310103,9.47764425,197,262,1,3080,39934979,-109,LTE,LTE,3749,456
51.31009167,9.47738589,201,262,1,3080,30926086,-102,LTE,LTE,3749,387
51.31009435,9.47726209,202,262,1,3080,30926086,-101,LTE,LTE,3749,387
51.31010342,9.47714843,202,262,1,3080,26288647,-100,LTE,LTE,3749,201
51.31010342,9.47714843,202,262,1,3080,26288647,-100,LTE,LTE,3749,201
51.31011486,9.47709044,203,262,1,3080,39934976,-103,LTE,LTE,500,38
51.31012493,9.47701968,204,262,1,3080,27426816,-102,LTE,LTE,1300,467
51.31011884,9.47705373,204,262,1,3080,27426822,-104,LTE,LTE,500,182
51.31013395,9.47686466,205,262,1,3080,26288641,-98,LTE,LTE,1300,64
51.31012757,9.47696079,204,262,1,3080,30926080,-105,LTE,LTE,1300,209
51.31012493,9.47701968,204,262,1,3080,27426816,-102,LTE,LTE,1300,467
51.31013668,9.476734,206,262,1,3080,26288641,-106,LTE,LTE,1300,64
51.31013668,9.476734,206,262,1,3080,26288641,-106,LTE,LTE,1300,64
51.31014769,9.47663237,207,262,1,3080,27426816,-97,LTE,LTE,1300,467
51.3101573,9.47643443,207,262,1,3080,30926080,-99,LTE,LTE,1300,209
51.31015492,9.47653633,208,262,1,3080,27426816,-96,LTE,LTE,1300,467
51.31015873,9.47639887,206,262,1,3080,30926080,-108,LTE,LTE,1300,209
51.31016862,9.47631636,206,262,1,3080,27426816,-100,LTE,LTE,1300,467
51.31017621,9.47619223,205,262,1,3080,30926080,-105,LTE,LTE,1300,209
51.31017194,9.47627973,206,262,1,3080,27426816,-98,LTE,LTE,1300,467
51.31017621,9.47619223,205,262,1,3080,30926080,-105,LTE,LTE,1300,209
51.31017757,9.47603813,206,262,1,3080,27426816,-95,LTE,LTE,1300,467
51.31019408,9.47589663,205,262,1,3080,27426816,-97,LTE,LTE,1300,467
51.3101994,9.47579221,204,262,1,3080,30926080,-99,LTE,LTE,1300,209
51.31019408,9.47589663,205,262,1,3080,27426816,-97,LTE,LTE,1300,467
51.31019711,9.47562443,204,262,1,3080,30926080,-101,LTE,LTE,1300,209
51.31021902,9.4754807,205,262,1,3080,30926080,-98,LTE,LTE,1300,209
51.31022591,9.47536152,205,262,1,3080,30926080,-96,LTE,LTE,1300,209
51.31024986,9.47516697,204,262,1,3080,30926080,-92,LTE,LTE,1300,209
51.31029031,9.47503681,203,262,1,3080,30926080,-91,LTE,LTE,1300,209
51.31033598,9.47490094,203,262,1,3080,30926080,-98,LTE,LTE,1300,209
51.31038424,9.47475484,202,262,1,3080,30926080,-101,LTE,LTE,1300,209
51.31043978,9.47461114,201,262,1,3080,30926080,-94,LTE,LTE,1300,209
51.31049086,9.47451398,205,262,1,3080,30926080,-101,LTE,LTE,1300,209
51.31056456,9.47433585,208,262,1,3080,30926080,-99,LTE,LTE,1300,209
51.31060027,9.47420427,208,262,1,3080,30926080,-101,LTE,LTE,1300,209
51.31062825,9.47407009,208,262,1,3080,30926080,-99,LTE,LTE,1300,209
51.3106705,9.47392267,210,262,1,3080,30926080,-99,LTE,LTE,1300,209
51.3107179,9.47375316,213,262,1,3080,30926080,-97,LTE,LTE,1300,209
51.31077109,9.47361148,213,262,1,3080,30926080,-94,LTE,LTE,1300,209
51.31079635,9.47347877,210,262,1,3080,30926080,-90,LTE,LTE,1300,209
51.31081287,9.47343108,210,262,1,3080,30926080,-92,LTE,LTE,1300,209
51.31078953,9.47344095,213,262,1,3080,30926080,-106,LTE,LTE,1300,209
51.31079049,9.47344048,213,262,1,3080,30926080,-112,LTE,LTE,1300,209
51.31079113,9.47344079,213,262,1,3080,30926080,-108,LTE,LTE,1300,209
51.31079099,9.47344133,213,262,1,3080,30926080,-92,LTE,LTE,1300,209
51.31079506,9.47342513,211,262,1,3080,30926080,-84,LTE,LTE,1300,209
51.31079836,9.4734236,211,262,1,3080,30926080,-91,LTE,LTE,1300,209
51.31079751,9.47342307,211,262,1,3080,30926080,-95,LTE,LTE,1300,209
51.31079791,9.47342331,211,262,1,3080,30926080,-91,LTE,LTE,1300,209
51.31079991,9.47342517,212,262,1,3080,30926080,-96,LTE,LTE,1300,209
51.31080327,9.47342718,212,262,1,3080,30926080,-87,LTE,LTE,1300,209
51.31083564,9.47347814,217,262,1,3080,30926080,-94,LTE,LTE,1300,209
51.3111203,9.4737089,207,262,1,3080,30926080,-99,LTE,LTE,1300,209
51.31125332,9.47371694,207,262,1,3080,30926080,-98,LTE,LTE,1300,209
51.31133395,9.47378877,211,262,1,3080,30926080,-97,LTE,LTE,1300,209
51.31127802,9.47368012,212,262,1,3080,30926080,-91,LTE,LTE,1300,209
51.31126954,9.47367098,211,262,1,3080,30926080,-93,LTE,LTE,1300,209
51.31129179,9.47368451,210,262,1,3080,30926080,-91,LTE,LTE,1300,209
51.31130921,9.47372658,208,262,1,3080,30926080,-94,LTE,LTE,1300,209
51.31130386,9.47372669,209,262,1,3080,30926080,-68,LTE,LTE,1300,209
51.31128255,9.47367645,209,262,1,3080,30926080,-71,LTE,LTE,1300,209
51.31115489,9.47343941,221,262,1,3080,30926080,-67,LTE,LTE,1300,209
51.31115648,9.47343753,220,262,1,3080,30926080,-87,LTE,LTE,1300,209
51.31115648,9.47343753,220,262,1,3080,30926080,-87,LTE,LTE,1300,209
51.31118422,9.47345349,218,262,1,3080,30926080,-88,LTE,LTE,1300,209
51.31118569,9.47345501,218,262,1,3080,30926080,-87,LTE,LTE,1300,209
51.31118569,9.47345501,218,262,1,3080,30926080,-87,LTE,LTE,1300,209
51.31118738,9.47345316,217,262,1,3080,30926080,-85,LTE,LTE,1300,209
51.31118908,9.47345214,217,262,1,3080,30926080,-84,LTE,LTE,1300,209
51.31118987,9.47345245,217,262,1,3080,30926080,-85,LTE,LTE,1300,209
51.31118987,9.47345245,217,262,1,3080,30926080,-85,LTE,LTE,1300,209
51.31119131,9.47345343,216,262,1,3080,30926080,-85,LTE,LTE,1300,209
51.31119253,9.47345439,216,262,1,3080,30926080,-85,LTE,LTE,1300,209
51.31119264,9.473454,216,262,1,3080,30926080,-82,LTE,LTE,1300,209
51.31119264,9.473454,216,262,1,3080,30926080,-82,LTE,LTE,1300,209
51.31119264,9.47345435,216,262,1,3080,30926080,-81,LTE,LTE,1300,209
51.31119444,9.47345629,216,262,1,3080,30926080,-81,LTE,LTE,1300,209
51.31119455,9.47345656,216,262,1,3080,30926080,-82,LTE,LTE,1300,209
51.31119455,9.47345656,216,262,1,3080,30926080,-82,LTE,LTE,1300,209
51.311195,9.47345703,216,262,1,3080,30926080,-82,LTE,LTE,1300,209
51.31119526,9.47345734,216,262,1,3080,30926080,-82,LTE,LTE,1300,209
51.31119519,9.47345748,216,262,1,3080,30926080,-81,LTE,LTE,1300,209
51.31119519,9.47345748,216,262,1,3080,30926080,-81,LTE,LTE,1300,209
51.31119482,9.47345723,216,262,1,3080,30926080,-81,LTE,LTE,1300,209
51.31119523,9.47345598,216,262,1,3080,30926080,-81,LTE,LTE,1300,209
51.31119523,9.47345598,216,262,1,3080,30926080,-81,LTE,LTE,1300,209
51.3111951,9.47345615,216,262,1,3080,30926080,-81,LTE,LTE,1300,209
51.31119736,9.47345828,216,262,1,3080,30926080,-81,LTE,LTE,1300,209
51.31119736,9.47345828,216,262,1,3080,30926080,-81,LTE,LTE,1300,209
51.31119726,9.47345794,216,262,1,3080,30926080,-81,LTE,LTE,1300,209
51.31119734,9.47345816,216,262,1,3080,30926080,-81,LTE,LTE,1300,209
51.31119734,9.47345816,216,262,1,3080,30926080,-81,LTE,LTE,1300,209
51.31119864,9.47345917,215,262,1,3080,30926080,-81,LTE,LTE,1300,209
51.3111988,9.47345939,215,262,1,3080,30926080,-81,LTE,LTE,1300,209
51.3111988,9.47345939,215,262,1,3080,30926080,-81,LTE,LTE,1300,209
51.3111998,9.47345995,215,262,1,3080,30926080,-81,LTE,LTE,1300,209
51.31119986,9.47346009,215,262,1,3080,30926080,-81,LTE,LTE,1300,209
51.31119986,9.47346009,215,262,1,3080,30926080,-81,LTE,LTE,1300,209
51.31119959,9.47345958,215,262,1,3080,30926080,-80,LTE,LTE,1300,209
51.31120058,9.47346019,215,262,1,3080,30926080,-81,LTE,LTE,1300,209
51.31120063,9.47346024,215,262,1,3080,30926080,-81,LTE,LTE,1300,209
51.31120063,9.47346024,215,262,1,3080,30926080,-81,LTE,LTE,1300,209
51.31120128,9.47346057,215,262,1,3080,30926080,-81,LTE,LTE,1300,209
51.31120136,9.47346067,215,262,1,3080,30926080,-81,LTE,LTE,1300,209
51.31120136,9.47346067,215,262,1,3080,30926080,-81,LTE,LTE,1300,209
51.31120144,9.47346083,215,262,1,3080,30926080,-81,LTE,LTE,1300,209
51.31120219,9.47346151,215,262,1,3080,30926080,-81,LTE,LTE,1300,209
51.31120219,9.47346151,215,262,1,3080,30926080,-81,LTE,LTE,1300,209
51.3112024,9.47346149,215,262,1,3080,30926080,-81,LTE,LTE,1300,209
51.31120336,9.47346269,215,262,1,3080,30926080,-81,LTE,LTE,1300,209
51.31120336,9.47346269,215,262,1,3080,30926080,-81,LTE,LTE,1300,209
51.31120336,9.47346303,215,262,1,3080,30926080,-81,LTE,LTE,1300,209
51.31120337,9.47346322,215,262,1,3080,30926080,-81,LTE,LTE,1300,209
51.31120337,9.47346322,215,262,1,3080,30926080,-81,LTE,LTE,1300,209
51.31120434,9.47346398,215,262,1,3080,30926080,-81,LTE,LTE,1300,209
51.31120431,9.47346383,215,262,1,3080,30926080,-81,LTE,LTE,1300,209
51.31120428,9.47346378,215,262,1,3080,30926080,-80,LTE,LTE,1300,209
51.31120428,9.47346378,215,262,1,3080,30926080,-80,LTE,LTE,1300,209
51.31120554,9.47346512,215,262,1,3080,30926080,-80,LTE,LTE,1300,209
51.31120558,9.4734653,215,262,1,3080,30926080,-85,LTE,LTE,1300,209
51.31120605,9.47346558,215,262,1,3080,30926080,-82,LTE,LTE,1300,209
51.31120605,9.47346558,215,262,1,3080,30926080,-82,LTE,LTE,1300,209
51.31120758,9.47346707,214,262,1,3080,30926080,-84,LTE,LTE,1300,209
51.31120799,9.47346746,214,262,1,3080,30926080,-85,LTE,LTE,1300,209
51.31120799,9.47346746,214,262,1,3080,30926080,-85,LTE,LTE,1300,209
51.31120809,9.47346757,214,262,1,3080,30926080,-88,LTE,LTE,1300,209
51.31120911,9.47346873,214,262,1,3080,30926080,-89,LTE,LTE,1300,209
51.31120933,9.47346892,214,262,1,3080,30926080,-89,LTE,LTE,1300,209
51.31120967,9.47346947,214,262,1,3080,30926080,-91,LTE,LTE,1300,209
51.31120967,9.47346947,214,262,1,3080,30926080,-91,LTE,LTE,1300,209
51.31121046,9.47346978,214,262,1,3080,30926080,-90,LTE,LTE,1300,209
51.31121044,9.47346973,214,262,1,3080,30926080,-86,LTE,LTE,1300,209
51.31121039,9.47346983,214,262,1,3080,30926080,-84,LTE,LTE,1300,209
51.31121039,9.47346983,214,262,1,3080,30926080,-84,LTE,LTE,1300,209
51.31121107,9.47347007,214,262,1,3080,30926080,-84,LTE,LTE,1300,209
51.31121117,9.4734701,214,262,1,3080,30926080,-88,LTE,LTE,1300,209
51.31121117,9.4734701,214,262,1,3080,30926080,-88,LTE,LTE,1300,209
51.31121117,9.47347011,214,262,1,3080,30926080,-90,LTE,LTE,1300,209
51.31121205,9.47347116,214,262,1,3080,30926080,-91,LTE,LTE,1300,209
51.31121212,9.47347124,214,262,1,3080,30926080,-88,LTE,LTE,1300,209
51.31121212,9.47347124,214,262,1,3080,30926080,-88,LTE,LTE,1300,209
51.31121218,9.47347138,214,262,1,3080,30926080,-90,LTE,LTE,1300,209
51.31121246,9.47346996,214,262,1,3080,30926080,-81,LTE,LTE,1300,209
51.31121255,9.47347004,214,262,1,3080,30926080,-87,LTE,LTE,1300,209
51.31121255,9.47347004,214,262,1,3080,30926080,-87,LTE,LTE,1300,209
51.31121263,9.47347012,214,262,1,3080,30926080,-85,LTE,LTE,1300,209
51.3112135,9.47347106,214,262,1,3080,30926080,-86,LTE,LTE,1300,209
51.3112135,9.47347106,214,262,1,3080,30926080,-86,LTE,LTE,1300,209
51.31121353,9.4734711,214,262,1,3080,30926080,-91,LTE,LTE,1300,209
51.31121357,9.47347109,214,262,1,3080,30926080,-88,LTE,LTE,1300,209
51.3112141,9.47347111,214,262,1,3080,30926080,-86,LTE,LTE,1300,209
51.3112141,9.47347111,214,262,1,3080,30926080,-86,LTE,LTE,1300,209
51.31121411,9.47347116,214,262,1,3080,30926080,-75,LTE,LTE,1300,209
51.31121389,9.47347214,214,262,1,3080,30926080,-70,LTE,LTE,1300,209
51.31121357,9.47347108,214,262,1,3080,30926080,-75,LTE,LTE,1300,209
51.31121357,9.47347108,214,262,1,3080,30926080,-75,LTE,LTE,1300,209
51.31121357,9.47347124,214,262,1,3080,30926080,-93,LTE,LTE,1300,209
51.31121366,9.47347186,214,262,1,3080,30926080,-95,LTE,LTE,1300,209
51.31121366,9.47347186,214,262,1,3080,30926080,-95,LTE,LTE,1300,209
51.31121471,9.47347389,214,262,1,3080,30926080,-95,LTE,LTE,1300,209
51.31121473,9.47347392,214,262,1,3080,30926080,-94,LTE,LTE,1300,209
51.31121471,9.47347395,214,262,1,3080,30926080,-95,LTE,LTE,1300,209
51.31121471,9.47347395,214,262,1,3080,30926080,-95,LTE,LTE,1300,209
51.31121537,9.47347531,214,262,1,3080,30926080,-96,LTE,LTE,1300,209
51.31121537,9.47347531,214,262,1,3080,30926080,-96,LTE,LTE,1300,209
51.31121546,9.47347572,214,262,1,3080,30926080,-95,LTE,LTE,1300,209
51.31125477,9.47355442,209,262,1,3080,30926080,-83,LTE,LTE,1300,209
51.31125477,9.47355442,209,262,1,3080,30926080,-83,LTE,LTE,1300,209
51.311391,9.47384024,214,262,1,3080,30926080,-82,LTE,LTE,1300,209
51.3115369,9.47386009,216,262,1,3080,30926080,-81,LTE,LTE,1300,209
51.3115369,9.47386009,216,262,1,3080,30926080,-81,LTE,LTE,1300,209
51.31170848,9.47392677,213,262,1,3080,30926080,-78,LTE,LTE,1300,209
51.3118522,9.47389227,212,262,1,3080,30926080,-77,LTE,LTE,1300,209
51.3118522,9.47389227,212,262,1,3080,30926080,-77,LTE,LTE,1300,209
51.31198071,9.47393124,211,262,1,3080,30926080,-69,LTE,LTE,1300,209
51.31201008,9.47393702,212,262,1,3080,30926080,-70,LTE,LTE,1300,209
51.31201008,9.47393702,212,262,1,3080,30926080,-70,LTE,LTE,1300,209
51.31201389,9.47392887,212,262,1,3080,30926080,-71,LTE,LTE,1300,209
51.3120246,9.473929,212,262,1,3080,30926080,-72,LTE,LTE,1300,209
51.3120246,9.473929,212,262,1,3080,30926080,-72,LTE,LTE,1300,209
51.31211739,9.47394938,212,262,1,3080,30926080,-77,LTE,LTE,1300,209
51.31216047,9.47394997,212,262,1,3080,30926080,-80,LTE,LTE,1300,209
51.31216047,9.47394997,212,262,1,3080,30926080,-80,LTE,LTE,1300,209
51.3122825,9.47406621,212,262,1,3080,30926080,-81,LTE,LTE,1300,209
51.31228913,9.47431934,212,262,1,3080,30926080,-78,LTE,LTE,1300,209
51.31229653,9.47456552,212,262,1,3080,30926080,-76,LTE,LTE,1300,209
51.31229653,9.47456552,212,262,1,3080,30926080,-76,LTE,LTE,1300,209
51.31228391,9.47477739,211,262,1,3080,30926080,-75,LTE,LTE,1300,209
51.31227399,9.47499881,211,262,1,3080,30926080,-83,LTE,LTE,1300,209
51.31227399,9.47499881,211,262,1,3080,30926080,-83,LTE,LTE,1300,209
51.31226116,9.47522392,210,262,1,3080,30926080,-77,LTE,LTE,1300,209
51.31224125,9.47548397,211,262,1,3080,30926080,-84,LTE,LTE,1300,209
51.31222392,9.47571335,212,262,1,3080,30926080,-83,LTE,LTE,1300,209
51.31222392,9.47571335,212,262,1,3080,30926080,-83,LTE,LTE,1300,209
51.31221092,9.47595744,210,262,1,3080,30926083,-88,LTE,LTE,3050,248
51.31220179,9.47618942,209,262,1,3080,30926083,-91,LTE,LTE,3050,248
51.31222158,9.47642982,212,262,1,3080,30926083,-91,LTE,LTE,3050,248
51.31228674,9.47657935,212,262,1,3080,30926083,-94,LTE,LTE,3050,248
51.31228674,9.47657935,212,262,1,3080,30926083,-94,LTE,LTE,3050,248
51.31233483,9.47677955,211,262,1,3080,30926083,-97,LTE,LTE,3050,248
51.31238713,9.47697689,215,262,1,3080,30926083,-99,LTE,LTE,3050,248
51.31244592,9.47717757,217,262,1,3080,30926083,-101,LTE,LTE,3050,248
51.31244592,9.47717757,217,262,1,3080,30926083,-101,LTE,LTE,3050,248
51.31251103,9.47739396,216,262,1,3080,30926083,-101,LTE,LTE,3050,248
51.31251103,9.47739396,216,262,1,3080,26288644,-97,LTE,LTE,3050,387
51.31254555,9.47763937,216,262,1,3080,26288644,-100,LTE,LTE,3050,387
51.31254555,9.47763937,216,262,1,3080,26288644,-100,LTE,LTE,3050,387
51.31257462,9.47785765,214,262,1,3080,26288644,-100,LTE,LTE,3050,387
51.31262527,9.47811109,215,262,1,3080,26288644,-100,LTE,LTE,3050,387
51.31262527,9.47811109,215,262,1,3080,26288644,-100,LTE,LTE,3050,387
51.31271368,9.47829417,219,262,1,3080,26288644,-100,LTE,LTE,3050,387
51.31281516,9.47843782,222,262,1,3080,26288644,-100,LTE,LTE,3050,387
51.31282819,9.47847468,221,262,1,3080,26288644,-104,LTE,LTE,3050,387
51.31292313,9.47869745,220,262,1,3080,26288644,-100,LTE,LTE,3050,387
51.31303221,9.47897034,218,262,1,3080,26288644,-101,LTE,LTE,3050,387
51.31303221,9.47897034,218,262,1,3080,26288644,-101,LTE,LTE,3050,387
51.31311344,9.47913822,224,262,1,3080,26288644,-104,LTE,LTE,3050,387
51.3132095,9.47938415,224,262,1,3080,26288644,-104,LTE,LTE,3050,387
51.31310966,9.47960079,216,262,1,3080,26288644,-108,LTE,LTE,3050,387
51.31310966,9.47960079,216,262,1,3080,26288644,-108,LTE,LTE,3050,387
51.31293811,9.47972945,219,262,1,3080,26288644,-106,LTE,LTE,3050,387
51.31279821,9.47981957,222,262,1,3080,27422721,-93,LTE,LTE,1300,351
51.31264535,9.47985313,225,262,1,3080,27422721,-91,LTE,LTE,1300,351
51.31264535,9.47985313,225,262,1,3080,27422721,-91,LTE,LTE,1300,351
51.31250497,9.47988654,226,262,1,3080,27422721,-93,LTE,LTE,1300,351
51.3123361,9.47991607,226,262,1,3080,27422721,-93,LTE,LTE,1300,351
51.3123361,9.47991607,226,262,1,3080,27422721,-93,LTE,LTE,1300,351
51.3122215,9.47991431,228,262,1,3080,27422721,-95,LTE,LTE,1300,351
51.31210218,9.47994836,226,262,1,3080,27422721,-97,LTE,LTE,1300,351
51.31197789,9.47995572,223,262,1,3080,27422721,-92,LTE,LTE,1300,351
51.31197789,9.47995572,223,262,1,3080,27422721,-92,LTE,LTE,1300,351
51.31195783,9.48011498,218,262,1,3080,27422721,-96,LTE,LTE,1300,351
51.31182965,9.48011617,217,262,1,3080,27422721,-94,LTE,LTE,1300,351
51.31168215,9.48006747,219,262,1,3080,27422721,-92,LTE,LTE,1300,351
51.31168215,9.48006747,219,262,1,3080,27422721,-92,LTE,LTE,1300,351
51.3115729,9.47999357,220,262,1,3080,27422721,-97,LTE,LTE,1300,351
51.31144934,9.48000119,220,262,1,3080,27422721,-98,LTE,LTE,1300,351
51.31144934,9.48000119,220,262,1,3080,27422721,-98,LTE,LTE,1300,351
51.31132048,9.47998548,222,262,1,3080,27422721,-104,LTE,LTE,1300,351
51.3111854,9.47995771,220,262,1,3080,27422721,-100,LTE,LTE,1300,351
51.31106738,9.47995164,222,262,1,3080,27422721,-101,LTE,LTE,1300,351
51.31106738,9.47995164,222,262,1,3080,27422721,-101,LTE,LTE,1300,351
51.3109375,9.47993214,225,262,1,3080,27422721,-99,LTE,LTE,1300,351
51.31082852,9.47993562,226,262,1,3080,27422721,-103,LTE,LTE,1300,351
51.31082852,9.47993562,226,262,1,3080,27422721,-103,LTE,LTE,1300,351
51.31070175,9.47992018,229,262,1,3080,39934977,-94,LTE,LTE,1300,148
51.31053205,9.47994564,227,262,1,3080,39934977,-94,LTE,LTE,1300,148
51.31039156,9.47992653,227,262,1,3080,39934977,-104,LTE,LTE,1300,148
51.31039156,9.47992653,227,262,1,3080,39934977,-104,LTE,LTE,1300,148
51.31027965,9.47998667,225,262,1,3080,39934977,-93,LTE,LTE,1300,148
51.31017731,9.48010159,224,262,1,3080,39934977,-101,LTE,LTE,1300,148
51.31017731,9.48010159,224,262,1,3080,39934977,-101,LTE,LTE,1300,148
51.31016148,9.48029156,224,262,1,3080,39934977,-100,LTE,LTE,1300,148
51.31016148,9.48029156,224,262,1,3080,39934977,-100,LTE,LTE,1300,148
51.31016554,9.48051379,225,262,1,3080,27422721,-95,LTE,LTE,1300,351
51.31016654,9.48073622,225,262,1,3080,39971081,-101,LTE,LTE,500,494
51.31016654,9.48073622,225,262,1,3080,39971081,-101,LTE,LTE,500,494
51.31017096,9.48094969,225,262,1,3080,39971081,-102,LTE,LTE,500,494
51.31017235,9.4811694,226,262,1,3080,39971081,-100,LTE,LTE,500,494
51.31017235,9.4811694,226,262,1,3080,39971081,-100,LTE,LTE,500,494
51.31016813,9.48137189,225,262,1,3080,39971081,-101,LTE,LTE,500,494
51.31016448,9.48159069,226,262,1,3080,39971081,-105,LTE,LTE,500,494
51.310163,9.4818085,227,262,1,3080,39971081,-106,LTE,LTE,500,494
51.310163,9.4818085,227,262,1,3080,39971081,-106,LTE,LTE,500,494
51.31016279,9.48202242,227,262,1,3080,39971081,-102,LTE,LTE,500,494
51.31015719,9.48221847,229,262,1,3080,39971081,-108,LTE,LTE,500,494
51.31017672,9.48247972,231,262,1,3080,39971081,-108,LTE,LTE,500,494
51.31017485,9.48266359,233,262,1,3080,26288641,-97,LTE,LTE,1300,64
51.31017672,9.48247972,231,262,1,3080,39971081,-108,LTE,LTE,500,494
51.31017485,9.48266359,233,262,1,3080,26288641,-97,LTE,LTE,1300,64
51.31010801,9.48290297,230,262,1,4012,32746752,-97,LTE,LTE,6400,406
51.31006769,9.48311014,230,262,1,4012,32746752,-93,LTE,LTE,6400,406
51.31004736,9.48332935,228,262,1,4012,32746752,-91,LTE,LTE,6400,406
51.31000488,9.48350976,233,262,1,4012,32746752,-90,LTE,LTE,6400,406
51.31000488,9.48350976,233,262,1,4012,32746752,-90,LTE,LTE,6400,406
51.30990285,9.48336699,230,262,1,4012,32746752,-91,LTE,LTE,6400,406
51.30990671,9.48317862,231,262,1,4012,32746752,-97,LTE,LTE,6400,406
51.30990671,9.48317862,231,262,1,4012,32746752,-97,LTE,LTE,6400,406
51.30992622,9.48296054,230,262,1,4012,32746752,-100,LTE,LTE,6400,406
51.30990414,9.48273196,230,262,1,4012,32746752,-101,LTE,LTE,6400,406
51.30982767,9.482506,228,262,1,4012,32746752,-100,LTE,LTE,6400,406
51.30982767,9.482506,228,262,1,4012,32746752,-100,LTE,LTE,6400,406
51.30978858,9.48248652,223,262,1,4012,32746752,-103,LTE,LTE,6400,406
51.30978858,9.48248652,223,262,1,4012,32746752,-103,LTE,LTE,6400,406
51.30978558,9.48270765,223,262,1,3080,45356032,-84,LTE,LTE,3749,223
51.3097556,9.48290179,218,262,1,3080,45356032,-84,LTE,LTE,3749,223
51.3097556,9.48290179,218,262,1,3080,45356032,-84,LTE,LTE,3749,223
51.30961476,9.48284633,215,262,1,3080,45356032,-84,LTE,LTE,3749,223
51.30956115,9.48270373,216,262,1,3080,45356032,-75,LTE,LTE,3749,223
51.30954734,9.48251168,215,262,1,3080,45356032,-81,LTE,LTE,3749,223
51.30954734,9.48251168,215,262,1,3080,45356032,-81,LTE,LTE,3749,223
51.3095361,9.48230698,213,262,1,3080,45356032,-89,LTE,LTE,3749,223
51.3095361,9.48230698,213,262,1,3080,45356032,-89,LTE,LTE,3749,223
51.30954448,9.48206952,212,262,1,3080,45356032,-81,LTE,LTE,3749,223
51.30955274,9.48186455,212,262,1,3080,45356032,-81,LTE,LTE,3749,223
51.30954386,9.48167267,212,262,1,3080,45356032,-90,LTE,LTE,3749,223
51.30954386,9.48167267,212,262,1,3080,45356032,-90,LTE,LTE,3749,223
51.30953327,9.48148702,211,262,1,3080,45356032,-88,LTE,LTE,3749,223
51.30953487,9.48127098,208,262,1,3080,45356032,-85,LTE,LTE,3749,223
51.30953487,9.48127098,208,262,1,3080,45356032,-85,LTE,LTE,3749,223
51.30955538,9.48105609,207,262,1,3080,45356032,-93,LTE,LTE,3749,223
51.30956966,9.48083669,208,262,1,3080,45356032,-91,LTE,LTE,3749,223
51.30958173,9.48061541,207,262,1,3080,45356032,-92,LTE,LTE,3749,223
51.30958173,9.48061541,207,262,1,3080,45356032,-92,LTE,LTE,3749,223
51.30958967,9.48041231,206,262,1,3080,45356032,-91,LTE,LTE,3749,223
51.30957276,9.48020481,208,262,1,3080,45356032,-87,LTE,LTE,3749,223
51.30957166,9.47998166,207,262,1,3080,45356032,-96,LTE,LTE,3749,223
51.30957166,9.47998166,207,262,1,3080,45356032,-96,LTE,LTE,3749,223
51.3095773,9.47978596,208,262,1,3080,45356032,-94,LTE,LTE,3749,223
51.3095574,9.4795681,208,262,1,3080,45356032,-96,LTE,LTE,3749,223
51.30950362,9.47936335,207,262,1,3080,45356032,-96,LTE,LTE,3749,223
51.30950362,9.47936335,207,262,1,3080,45356032,-96,LTE,LTE,3749,223
51.30944454,9.47922861,211,262,1,3080,45356032,-95,LTE,LTE,3749,223
51.30944454,9.47922861,211,262,1,3080,45356032,-95,LTE,LTE,3749,223
51.30940073,9.47896006,207,262,1,3080,45356032,-96,LTE,LTE,3749,223
51.30940335,9.47871976,204,262,1,3080,45356032,-94,LTE,LTE,3749,223
51.30952922,9.47859919,201,262,1,3080,45356032,-98,LTE,LTE,3749,223
51.30966965,9.47853197,198,262,1,3080,45356032,-106,LTE,LTE,3749,223
51.30966965,9.47853197,198,262,1,3080,45356032,-106,LTE,LTE,3749,223
51.30978457,9.4784709,198,262,1,3080,45356032,-104,LTE,LTE,3749,223
51.30989157,9.47841387,199,262,1,3080,45356032,-101,LTE,LTE,3749,223
51.31000976,9.47829356,200,262,1,3080,39934979,-103,LTE,LTE,3749,456
51.31000976,9.47829356,200,262,1,3080,39934979,-103,LTE,LTE,3749,456
51.31006744,9.47811093,201,262,1,3080,30926086,-106,LTE,LTE,3749,387
51.31007975,9.4779421,205,262,1,3080,39934979,-105,LTE,LTE,3749,456
51.31007975,9.4779421,205,262,1,3080,39934979,-105,LTE,LTE,3749,456
51.31009422,9.47774999,208,262,1,3080,39934979,-104,LTE,LTE,3749,456
51.31009422,9.47774999,208,262,1,3080,39934979,-104,LTE,LTE,3749,456
51.31008846,9.47756892,206,262,1,3080,30926087,-100,LTE,LTE,3749,388
51.31010304,9.47736423,208,262,1,3080,39934979,-102,LTE,LTE,3749,456
51.31010941,9.47717782,210,262,1,3080,39934979,-100,LTE,LTE,3749,456
51.31010941,9.47717782,210,262,1,3080,39934979,-100,LTE,LTE,3749,456
51.31011651,9.47700703,209,262,1,3080,30926086,-96,LTE,LTE,3749,387
51.31012854,9.47679293,211,262,1,3080,30926086,-96,LTE,LTE,3749,387
51.3101582,9.47662447,211,262,1,3080,30926086,-98,LTE,LTE,3749,387
51.3101582,9.47662447,211,262,1,3080,30926086,-98,LTE,LTE,3749,387
51.31018174,9.47641956,210,262,1,3080,30926086,-99,LTE,LTE,3749,387
51.31019015,9.47621657,210,262,1,3080,30926086,-95,LTE,LTE,3749,387
51.31019231,9.47601501,211,262,1,3080,30926086,-92,LTE,LTE,3749,387
51.31019231,9.47601501,211,262,1,3080,30926086,-92,LTE,LTE,3749,387
51.31019304,9.4758361,212,262,1,3080,30926086,-90,LTE,LTE,3749,387
51.31020846,9.47557543,210,262,1,3080,30926086,-90,LTE,LTE,3749,387
51.31019699,9.47539366,210,262,1,3080,30926086,-88,LTE,LTE,3749,387
51.31019699,9.47539366,210,262,1,3080,30926086,-88,LTE,LTE,3749,387
51.31023514,9.47515744,207,262,1,3080,30926086,-82,LTE,LTE,3749,387
51.31029032,9.47496861,207,262,1,3080,30926086,-81,LTE,LTE,3749,387
51.31029032,9.47496861,207,262,1,3080,30926086,-81,LTE,LTE,3749,387
51.31034653,9.47478139,206,262,1,3080,30926086,-86,LTE,LTE,3749,387
51.31040678,9.47457211,205,262,1,3080,30926086,-88,LTE,LTE,3749,387
51.31048583,9.47436609,206,262,1,3080,30926086,-87,LTE,LTE,3749,387
51.31048583,9.47436609,206,262,1,3080,30926086,-87,LTE,LTE,3749,387
51.31054498,9.4741843,209,262,1,3080,30926086,-87,LTE,LTE,3749,387
51.3106073,9.47399785,209,262,1,3080,30926086,-85,LTE,LTE,3749,387
51.3106073,9.47399785,209,262,1,3080,30926086,-85,LTE,LTE,3749,387
51.31066689,9.47381769,211,262,1,3080,30926086,-86,LTE,LTE,3749,387
51.31072006,9.47357819,213,262,1,3080,30926086,-86,LTE,LTE,3749,387
51.3107652,9.47346058,216,262,1,3080,30926086,-82,LTE,LTE,3749,387
51.3107652,9.47346058,216,262,1,3080,30926086,-82,LTE,LTE,3749,387
51.31079135,9.47342142,214,262,1,3080,30926086,-88,LTE,LTE,3749,387
51.31078646,9.47345861,214,262,1,3080,30926086,-90,LTE,LTE,3749,387
51.31078655,9.47345911,214,262,1,3080,30926086,-90,LTE,LTE,3749,387
51.31078655,9.47345911,214,262,1,3080,30926086,-90,LTE,LTE,3749,387
51.31078705,9.47345713,214,262,1,3080,30926086,-82,LTE,LTE,3749,387
51.31078866,9.47345388,214,262,1,3080,30926086,-86,LTE,LTE,3749,387
51.31078897,9.47345413,214,262,1,3080,30926086,-84,LTE,LTE,3749,387
51.31078897,9.47345413,214,262,1,3080,30926086,-84,LTE,LTE,3749,387
51.31078919,9.47345379,214,262,1,3080,30926086,-85,LTE,LTE,3749,387
51.3107915,9.47345275,214,262,1,3080,30926086,-82,LTE,LTE,3749,387
51.31079244,9.47345208,214,262,1,3080,30926086,-88,LTE,LTE,3749,387
51.31079244,9.47345208,214,262,1,3080,30926086,-88,LTE,LTE,3749,387
51.31115668,9.47356302,207,262,1,3080,30926086,-90,LTE,LTE,3749,387
51.31127083,9.47351993,218,262,1,3080,30926086,-86,LTE,LTE,3749,387
51.31127083,9.47351993,218,262,1,3080,30926086,-86,LTE,LTE,3749,387
51.31125403,9.47363173,220,262,1,3080,30926086,-85,LTE,LTE,3749,387
51.31127327,9.47366568,213,262,1,3080,30926086,-81,LTE,LTE,3749,387
51.31129439,9.47372337,216,262,1,3080,30926086,-75,LTE,LTE,3749,387
51.31129439,9.47372337,216,262,1,3080,30926086,-75,LTE,LTE,3749,387
51.31109491,9.47364777,218,262,1,3080,30926086,-65,LTE,LTE,3749,387
51.31110662,9.47346168,211,262,1,3080,30926086,-77,LTE,LTE,3749,387
51.31110662,9.47346168,211,262,1,3080,30926086,-77,LTE,LTE,3749,387
51.31118119,9.47348556,204,262,1,3080,30926086,-86,LTE,LTE,3749,387
51.31118773,9.47348332,203,262,1,3080,30926086,-80,LTE,LTE,3749,387
51.31119014,9.473485,203,262,1,3080,30926086,-84,LTE,LTE,3749,387
51.31119014,9.473485,203,262,1,3080,30926086,-84,LTE,LTE,3749,387
51.31119109,9.4734852,203,262,1,3080,30926086,-92,LTE,LTE,3749,387
51.31119097,9.47348545,203,262,1,3080,30926086,-91,LTE,LTE,3749,387
51.31119097,9.47348545,203,262,1,3080,30926086,-91,LTE,LTE,3749,387
